Nombre del archivo,Tiempo en minutos y seg,Páginas
CVA-IN-001 Ingreso de reclamos.pdf,0m 24.0s,10
CVA-IN-002 Emisión de comprobantes.pdf,0m 4.7s,4
CVA-PR-001 Atención de Reclamos por excesivo consumo facturado.pdf,0m 19.1s,47
CVA-PR-003 Cambio de Razón Social - Cambio de datos.pdf,0m 2.5s,10
CVA-PR-004 Solicitud de Cambio de Tarifa v7.pdf,0m 3.3s,8
CVA-PR-005 Tramitación y aprobación de corte definitivo.pdf,0m 2.0s,6
CVA-PR-006 Tramitación de servicios complementarios v8.pdf,0m 3.7s,9
CVA-PR-007 Solicitud de cambio de medidor.pdf,0m 1.7s,7
CVA-PR-008 Duplicados y Otorgamiento de crédito.pdf,0m 2.4s,8
CVA-PR-010 Elaboración del presupuesto y pago de servicio extraordinario.pdf,0m 4.3s,9
CVA-PR-011 Devolución de pagos en efectivo.pdf,0m 1.2s,6
CVA-PR-012 Emisión y Control de Comprobantes de Pago.pdf,0m 2.1s,7
CVA-PR-013 Atención de reclamos por no entrega de recibos.pdf,0m 8.5s,23
CVA-PR-014 Atención de reclamos por oposición a cambio de Razón Social.pdf,0m 9.0s,22
CVA-PR-016 Inspección de Suministros.pdf,0m 2.1s,6
CVA-PR-017 PROCEDIMIENTO DE ATENCION A PERSONAS CON DISCAPACIDAD.pdf,0m 1.1s,6
CVA-PR-018 Atención de reclamos por daños y perjuicios.pdf,0m 10.3s,25
CVFM-IN-001 Instructivo para la Lectura Remota de Clientes Mayores.pdf,0m 12.6s,6
CVFM-PR-001 Instalación de suministro - Clientes Mayores.pdf,0m 3.1s,12
CVFM-PR-002 Lectura de medidores multi-tarifa.pdf,0m 2.2s,7
PETS-REVISION DEL SISTEMA DE MEDICION.pdf,0m 4.1s,3
CVC-IN-001 Cobranza En Linea.pdf,0m 9.8s,5
CVC-IN-002 Cobranza Tiempo Diferido.pdf,0m 11.1s,5
CVC-IN-003  Cobranza por Distribuir.pdf,0m 11.5s,4
CVC-IN-005 Ejecución de Cortes y Reconexiones.pdf,0m 0.8s,5
CVC-PR-001 Recaudación de cobranzas.pdf,0m 3.8s,14
CVC-PR-002 Gestión de Cobranza de Deudas Vencidas v2020.1.pdf,0m 2.1s,8
"CVC-PR-003 Inventario, Provisión y Castigo Contable.pdf",0m 2.5s,8
CVC-PR-004 Cálculo de la Provisión genérica.pdf,0m 1.2s,3
CVC-PR-005 Cortes y Reconexiones.pdf,0m 10.1s,20
CVC-PR-006 Retiro de Acometida por Deuda.pdf,0m 4.6s,8
CVF-IN-002 Facturación (SIELSE)2.0.pdf,0m 27.1s,19
CVF-IN-003 Refacturación.pdf,0m 9.6s,10
CVF-IN-004 Impresión de recibos.pdf,0m 1.7s,5
CVF-IN-005 Recibos electrónicos - SUNAT.pdf,0m 15.2s,10
CVF-PR-001 Facturación.pdf,0m 2.8s,11
CVF-PR-002 Refacturación.pdf,0m 1.2s,6
CVF-PR-003 Proyección del consumo de energía no facturada V3_.pdf,0m 11.8s,13
CVF-PR-004 Atención de denuncias por procesos de facturación irregular.pdf,0m 0.7s,4
CVI-IN-001 Instructivo de Instalacion de suministro nuevo V9.pdf,0m 2.4s,10
CVI-IN-003 Supervisión de la Ejecución de Instalación de Suministros Nuevos.pdf,0m 0.5s,3
CVI-IN-004 Supervisión de Contrastación de Medidores.pdf,0m 2.3s,3
CVI-IN-005 Mantenimiento y Verificación de Equipos de Medición.pdf,0m 14.5s,17
CVI-IN-006 Reinstalación de suministro.pdf,0m 2.1s,4
CVI-IN-007 Archivamiento de expedientes de Instalación de Suministros Nuevos en tarifa BT5 y BT6.pdf,0m 1.1s,5
CVI-PR-001 Instalación de suministro Nuevo.pdf,0m 9.8s,20
CVI-PR-002 Servicios Complementarios - NORMALIZACIÓN DE SUMINISTRO (A SOLICITUD DEL CLIENTE).pdf,0m 4.0s,9
CVI-PR-003 Cambio de Medidor.pdf,0m 3.6s,9
CVI-PR-004 Corte Definitivo del Suministro a Solicitud del Cliente v11.pdf,0m 4.5s,10
CVI-PR-006 Cambio de tarifa v6.pdf,0m 4.6s,8
CVI-PR-009 Mantenimiento y Verificación de Equipos de Medición V13.pdf,0m 3.5s,8
CVI-PR-012 Supervisión de Mantenimiento de Equipos de Medición.pdf,0m 2.3s,3
CVI-PR-013 Mantenimiento de Acometidas.pdf,0m 2.3s,8
CVI-PR-014 Reintegro de energía por reemplazo de medidor en lugar de contrastarlos.pdf,0m 3.7s,6
CVI-PR-015 Reinstalación de Suministro V4.pdf,0m 5.8s,12
CM-PR-001 Determinación de la Satisfacción del Cliente.pdf,0m 1.4s,6
CM-PR-002 Atencion de llamadas.pdf,0m 3.3s,12
CM-PR-003 Atencion en medios virtuales y redes sociales.pdf,0m 1.0s,9
CM-PR-004 Supervisión de atención de contact center.pdf,0m 1.4s,6
CM-RE-001 Control de Calidad de Atención de llamadas ingresadas por el Contact Center.pdf,0m 1.4s,2
CMA-PR-001 Alquiler de Infraestructura Eléctrica.pdf,0m 3.9s,16
"CVPC - PR-001 VERIFICACION DE SUMINISTROS, CON CONSUMOS IRREGULARES.pdf",0m 3.9s,9
"CVPC-IN-001 Ejecución de la Verificación de Suministros, con Consumos Irregulares. (1).pdf",0m 8.5s,13
CVPC-IN-002 Análisis de información de Clientes.pdf,0m 5.3s,8
CVPC-IN-003 Preparación de la muestra semestral.pdf,0m 25.3s,24
CVPC-IN-004 Preparación del Anexo 02.pdf,0m 7.7s,10
RP-PR-002 Registro y Cierre de Comunicaciones de OSINERGMIN.pdf,0m 0.8s,4
RP-PR-003 PROCEDIMIENTO DE COMUNICACIÓN DE CRISIS VR 00.pdf,0m 5.3s,19
CVS-IN-001 Lectura de contadores de Energía.pdf,0m 18.0s,18
CVS-IN-002 Reparto de Recibos.pdf,0m 1.6s,6
