Archivo,Chunk index,Caracteres,Palabras,Dimensión vector,Norma,Términos sparse
CVA-IN-001 Ingreso de reclamos.pdf,0,54,13,1024,1.0,11
CVA-IN-001 Ingreso de reclamos.pdf,1,33,6,1024,1.0,4
CVA-IN-001 Ingreso de reclamos.pdf,2,216,35,1024,1.0,16
CVA-IN-001 Ingreso de reclamos.pdf,3,1603,252,1024,1.0,90
CVA-IN-001 Ingreso de reclamos.pdf,4,611,81,1024,1.0,49
CVA-IN-001 Ingreso de reclamos.pdf,5,390,66,1024,1.0,27
CVA-IN-001 Ingreso de reclamos.pdf,6,168,29,1024,1.0,14
CVA-IN-001 Ingreso de reclamos.pdf,7,1363,248,1024,1.0,80
CVA-IN-002 Emisión de comprobantes.pdf,0,119,22,1024,1.0,17
CVA-IN-002 Emisión de comprobantes.pdf,1,205,31,1024,1.0,13
CVA-IN-002 Emisión de comprobantes.pdf,2,1050,167,1024,1.0,71
CVA-IN-002 Emisión de comprobantes.pdf,3,829,123,1024,1.0,53
CVA-IN-002 Emisión de comprobantes.pdf,4,333,50,1024,1.0,24
CVA-IN-002 Emisión de comprobantes.pdf,5,31,3,1024,1.0,2
CVA-IN-002 Emisión de comprobantes.pdf,6,283,46,1024,1.0,24
CVA-IN-002 Emisión de comprobantes.pdf,7,364,66,1024,1.0,25
CVA-IN-002 Emisión de comprobantes.pdf,8,397,63,1024,1.0,27
CVA-IN-002 Emisión de comprobantes.pdf,9,336,51,1024,1.0,24
CVA-PR-001 Atención de Reclamos por excesivo consumo facturado.pdf,0,84,17,1024,1.0,15
CVA-PR-001 Atención de Reclamos por excesivo consumo facturado.pdf,1,2657,420,1024,1.0,89
CVA-PR-001 Atención de Reclamos por excesivo consumo facturado.pdf,2,297,46,1024,1.0,23
CVA-PR-001 Atención de Reclamos por excesivo consumo facturado.pdf,3,3176,489,1024,1.0,149
CVA-PR-001 Atención de Reclamos por excesivo consumo facturado.pdf,4,2546,378,1024,1.0,116
CVA-PR-001 Atención de Reclamos por excesivo consumo facturado.pdf,5,1007,147,1024,1.0,72
CVA-PR-001 Atención de Reclamos por excesivo consumo facturado.pdf,6,730,108,1024,1.0,59
CVA-PR-001 Atención de Reclamos por excesivo consumo facturado.pdf,7,691,113,1024,1.0,33
CVA-PR-001 Atención de Reclamos por excesivo consumo facturado.pdf,8,73,13,1024,1.0,7
CVA-PR-001 Atención de Reclamos por excesivo consumo facturado.pdf,9,1085,179,1024,1.0,61
CVA-PR-001 Atención de Reclamos por excesivo consumo facturado.pdf,10,1260,209,1024,1.0,34
CVA-PR-001 Atención de Reclamos por excesivo consumo facturado.pdf,11,1403,218,1024,1.0,81
CVA-PR-001 Atención de Reclamos por excesivo consumo facturado.pdf,12,84,17,1024,1.0,15
CVA-PR-001 Atención de Reclamos por excesivo consumo facturado.pdf,13,5777,866,1024,1.0,78
CVA-PR-001 Atención de Reclamos por excesivo consumo facturado.pdf,14,84,17,1024,1.0,15
CVA-PR-001 Atención de Reclamos por excesivo consumo facturado.pdf,15,2119,317,1024,1.0,92
CVA-PR-001 Atención de Reclamos por excesivo consumo facturado.pdf,16,85,17,1024,1.0,14
CVA-PR-001 Atención de Reclamos por excesivo consumo facturado.pdf,17,6647,1151,1024,1.0,167
CVA-PR-001 Atención de Reclamos por excesivo consumo facturado.pdf,18,1775,305,1024,1.0,60
CVA-PR-001 Atención de Reclamos por excesivo consumo facturado.pdf,19,85,17,1024,1.0,14
CVA-PR-001 Atención de Reclamos por excesivo consumo facturado.pdf,20,5049,857,1024,1.0,73
CVA-PR-001 Atención de Reclamos por excesivo consumo facturado.pdf,21,85,17,1024,1.0,15
CVA-PR-001 Atención de Reclamos por excesivo consumo facturado.pdf,22,4309,743,1024,1.0,50
CVA-PR-001 Atención de Reclamos por excesivo consumo facturado.pdf,23,85,17,1024,1.0,15
CVA-PR-001 Atención de Reclamos por excesivo consumo facturado.pdf,24,3262,539,1024,1.0,63
CVA-PR-001 Atención de Reclamos por excesivo consumo facturado.pdf,25,85,17,1024,1.0,15
CVA-PR-001 Atención de Reclamos por excesivo consumo facturado.pdf,26,6223,1080,1024,1.0,75
CVA-PR-001 Atención de Reclamos por excesivo consumo facturado.pdf,27,85,17,1024,1.0,15
CVA-PR-001 Atención de Reclamos por excesivo consumo facturado.pdf,28,2480,376,1024,1.0,101
CVA-PR-001 Atención de Reclamos por excesivo consumo facturado.pdf,29,85,17,1024,1.0,15
CVA-PR-001 Atención de Reclamos por excesivo consumo facturado.pdf,30,4681,684,1024,1.0,50
CVA-PR-001 Atención de Reclamos por excesivo consumo facturado.pdf,31,85,17,1024,1.0,15
CVA-PR-001 Atención de Reclamos por excesivo consumo facturado.pdf,32,4792,690,1024,1.0,46
CVA-PR-001 Atención de Reclamos por excesivo consumo facturado.pdf,33,85,17,1024,1.0,15
CVA-PR-001 Atención de Reclamos por excesivo consumo facturado.pdf,34,4276,626,1024,1.0,45
CVA-PR-001 Atención de Reclamos por excesivo consumo facturado.pdf,35,85,17,1024,1.0,15
CVA-PR-001 Atención de Reclamos por excesivo consumo facturado.pdf,36,1543,232,1024,1.0,65
CVA-PR-001 Atención de Reclamos por excesivo consumo facturado.pdf,37,85,17,1024,1.0,15
CVA-PR-001 Atención de Reclamos por excesivo consumo facturado.pdf,38,3919,692,1024,1.0,79
CVA-PR-001 Atención de Reclamos por excesivo consumo facturado.pdf,39,85,17,1024,1.0,15
CVA-PR-001 Atención de Reclamos por excesivo consumo facturado.pdf,40,4472,701,1024,1.0,62
CVA-PR-001 Atención de Reclamos por excesivo consumo facturado.pdf,41,85,17,1024,1.0,15
CVA-PR-001 Atención de Reclamos por excesivo consumo facturado.pdf,42,4717,718,1024,1.0,46
CVA-PR-001 Atención de Reclamos por excesivo consumo facturado.pdf,43,85,17,1024,1.0,15
CVA-PR-001 Atención de Reclamos por excesivo consumo facturado.pdf,44,4624,712,1024,1.0,42
CVA-PR-001 Atención de Reclamos por excesivo consumo facturado.pdf,45,85,17,1024,1.0,14
CVA-PR-001 Atención de Reclamos por excesivo consumo facturado.pdf,46,4785,721,1024,1.0,50
CVA-PR-001 Atención de Reclamos por excesivo consumo facturado.pdf,47,85,17,1024,1.0,15
CVA-PR-001 Atención de Reclamos por excesivo consumo facturado.pdf,48,1999,316,1024,1.0,64
CVA-PR-001 Atención de Reclamos por excesivo consumo facturado.pdf,49,85,17,1024,1.0,15
CVA-PR-001 Atención de Reclamos por excesivo consumo facturado.pdf,50,4963,875,1024,1.0,72
CVA-PR-001 Atención de Reclamos por excesivo consumo facturado.pdf,51,85,17,1024,1.0,15
CVA-PR-001 Atención de Reclamos por excesivo consumo facturado.pdf,52,4869,831,1024,1.0,59
CVA-PR-001 Atención de Reclamos por excesivo consumo facturado.pdf,53,85,17,1024,1.0,15
CVA-PR-001 Atención de Reclamos por excesivo consumo facturado.pdf,54,4838,822,1024,1.0,54
CVA-PR-001 Atención de Reclamos por excesivo consumo facturado.pdf,55,85,17,1024,1.0,15
CVA-PR-001 Atención de Reclamos por excesivo consumo facturado.pdf,56,5576,981,1024,1.0,55
CVA-PR-001 Atención de Reclamos por excesivo consumo facturado.pdf,57,85,17,1024,1.0,15
CVA-PR-001 Atención de Reclamos por excesivo consumo facturado.pdf,58,5597,992,1024,1.0,59
CVA-PR-001 Atención de Reclamos por excesivo consumo facturado.pdf,59,85,17,1024,1.0,15
CVA-PR-001 Atención de Reclamos por excesivo consumo facturado.pdf,60,5515,967,1024,1.0,62
CVA-PR-001 Atención de Reclamos por excesivo consumo facturado.pdf,61,2275,403,1024,1.0,43
CVA-PR-001 Atención de Reclamos por excesivo consumo facturado.pdf,62,85,17,1024,1.0,15
CVA-PR-001 Atención de Reclamos por excesivo consumo facturado.pdf,63,85,17,1024,1.0,15
CVA-PR-001 Atención de Reclamos por excesivo consumo facturado.pdf,64,6450,1102,1024,1.0,88
CVA-PR-001 Atención de Reclamos por excesivo consumo facturado.pdf,65,3835,648,1024,1.0,50
CVA-PR-001 Atención de Reclamos por excesivo consumo facturado.pdf,66,85,17,1024,1.0,15
CVA-PR-001 Atención de Reclamos por excesivo consumo facturado.pdf,67,4615,785,1024,1.0,70
CVA-PR-001 Atención de Reclamos por excesivo consumo facturado.pdf,68,5631,953,1024,1.0,64
CVA-PR-001 Atención de Reclamos por excesivo consumo facturado.pdf,69,85,17,1024,1.0,15
CVA-PR-001 Atención de Reclamos por excesivo consumo facturado.pdf,70,5392,921,1024,1.0,56
CVA-PR-001 Atención de Reclamos por excesivo consumo facturado.pdf,71,85,17,1024,1.0,14
CVA-PR-001 Atención de Reclamos por excesivo consumo facturado.pdf,72,1787,330,1024,1.0,41
CVA-PR-003 Cambio de Razón Social - Cambio de datos.pdf,0,84,17,1024,1.0,14
CVA-PR-003 Cambio de Razón Social - Cambio de datos.pdf,1,230,39,1024,1.0,18
CVA-PR-003 Cambio de Razón Social - Cambio de datos.pdf,2,620,95,1024,1.0,38
CVA-PR-003 Cambio de Razón Social - Cambio de datos.pdf,3,1480,205,1024,1.0,35
CVA-PR-003 Cambio de Razón Social - Cambio de datos.pdf,4,222,34,1024,1.0,18
CVA-PR-003 Cambio de Razón Social - Cambio de datos.pdf,5,140,26,1024,1.0,14
CVA-PR-003 Cambio de Razón Social - Cambio de datos.pdf,6,79,12,1024,1.0,9
CVA-PR-003 Cambio de Razón Social - Cambio de datos.pdf,7,304,44,1024,1.0,20
CVA-PR-003 Cambio de Razón Social - Cambio de datos.pdf,8,92,17,1024,1.0,11
CVA-PR-003 Cambio de Razón Social - Cambio de datos.pdf,9,58,9,1024,1.0,6
CVA-PR-003 Cambio de Razón Social - Cambio de datos.pdf,10,484,80,1024,1.0,42
CVA-PR-003 Cambio de Razón Social - Cambio de datos.pdf,11,4131,708,1024,1.0,132
CVA-PR-003 Cambio de Razón Social - Cambio de datos.pdf,12,6246,1071,1024,1.0,128
CVA-PR-003 Cambio de Razón Social - Cambio de datos.pdf,13,2567,439,1024,1.0,68
CVA-PR-004 Solicitud de Cambio de Tarifa v7.pdf,0,83,17,1024,1.0,15
CVA-PR-004 Solicitud de Cambio de Tarifa v7.pdf,1,173,31,1024,1.0,13
CVA-PR-004 Solicitud de Cambio de Tarifa v7.pdf,2,549,92,1024,1.0,36
CVA-PR-004 Solicitud de Cambio de Tarifa v7.pdf,3,1406,221,1024,1.0,55
CVA-PR-004 Solicitud de Cambio de Tarifa v7.pdf,4,137,21,1024,1.0,13
CVA-PR-004 Solicitud de Cambio de Tarifa v7.pdf,5,1373,217,1024,1.0,73
CVA-PR-004 Solicitud de Cambio de Tarifa v7.pdf,6,561,84,1024,1.0,48
CVA-PR-004 Solicitud de Cambio de Tarifa v7.pdf,7,348,53,1024,1.0,26
CVA-PR-004 Solicitud de Cambio de Tarifa v7.pdf,8,202,38,1024,1.0,29
CVA-PR-004 Solicitud de Cambio de Tarifa v7.pdf,9,1334,231,1024,1.0,72
CVA-PR-004 Solicitud de Cambio de Tarifa v7.pdf,10,500,83,1024,1.0,42
CVA-PR-004 Solicitud de Cambio de Tarifa v7.pdf,11,4161,690,1024,1.0,81
CVA-PR-004 Solicitud de Cambio de Tarifa v7.pdf,12,5268,837,1024,1.0,78
CVA-PR-005 Tramitación y aprobación de corte definitivo.pdf,0,83,17,1024,1.0,15
CVA-PR-005 Tramitación y aprobación de corte definitivo.pdf,1,173,31,1024,1.0,13
CVA-PR-005 Tramitación y aprobación de corte definitivo.pdf,2,335,50,1024,1.0,22
CVA-PR-005 Tramitación y aprobación de corte definitivo.pdf,3,90,12,1024,1.0,7
CVA-PR-005 Tramitación y aprobación de corte definitivo.pdf,4,178,31,1024,1.0,17
CVA-PR-005 Tramitación y aprobación de corte definitivo.pdf,5,113,17,1024,1.0,15
CVA-PR-005 Tramitación y aprobación de corte definitivo.pdf,6,387,60,1024,1.0,27
CVA-PR-005 Tramitación y aprobación de corte definitivo.pdf,7,88,16,1024,1.0,10
CVA-PR-005 Tramitación y aprobación de corte definitivo.pdf,8,56,8,1024,1.0,6
CVA-PR-005 Tramitación y aprobación de corte definitivo.pdf,9,451,78,1024,1.0,42
CVA-PR-005 Tramitación y aprobación de corte definitivo.pdf,10,6877,1136,1024,1.0,144
CVA-PR-005 Tramitación y aprobación de corte definitivo.pdf,11,2915,486,1024,1.0,75
CVA-PR-006 Tramitación de servicios complementarios v8.pdf,0,83,17,1024,1.0,15
CVA-PR-006 Tramitación de servicios complementarios v8.pdf,1,173,31,1024,1.0,13
CVA-PR-006 Tramitación de servicios complementarios v8.pdf,2,528,92,1024,1.0,37
CVA-PR-006 Tramitación de servicios complementarios v8.pdf,3,1408,216,1024,1.0,64
CVA-PR-006 Tramitación de servicios complementarios v8.pdf,4,185,25,1024,1.0,15
CVA-PR-006 Tramitación de servicios complementarios v8.pdf,5,254,33,1024,1.0,15
CVA-PR-006 Tramitación de servicios complementarios v8.pdf,6,512,75,1024,1.0,45
CVA-PR-006 Tramitación de servicios complementarios v8.pdf,7,397,60,1024,1.0,27
CVA-PR-006 Tramitación de servicios complementarios v8.pdf,8,78,14,1024,1.0,9
CVA-PR-006 Tramitación de servicios complementarios v8.pdf,9,394,69,1024,1.0,32
CVA-PR-006 Tramitación de servicios complementarios v8.pdf,10,1100,198,1024,1.0,57
CVA-PR-006 Tramitación de servicios complementarios v8.pdf,11,307,49,1024,1.0,36
CVA-PR-006 Tramitación de servicios complementarios v8.pdf,12,83,17,1024,1.0,15
CVA-PR-006 Tramitación de servicios complementarios v8.pdf,13,5773,954,1024,1.0,131
CVA-PR-006 Tramitación de servicios complementarios v8.pdf,14,5569,853,1024,1.0,91
CVA-PR-007 Solicitud de cambio de medidor.pdf,0,83,17,1024,1.0,15
CVA-PR-007 Solicitud de cambio de medidor.pdf,1,173,31,1024,1.0,13
CVA-PR-007 Solicitud de cambio de medidor.pdf,2,335,50,1024,1.0,22
CVA-PR-007 Solicitud de cambio de medidor.pdf,3,171,26,1024,1.0,14
CVA-PR-007 Solicitud de cambio de medidor.pdf,4,1133,186,1024,1.0,63
CVA-PR-007 Solicitud de cambio de medidor.pdf,5,366,54,1024,1.0,33
CVA-PR-007 Solicitud de cambio de medidor.pdf,6,387,60,1024,1.0,27
CVA-PR-007 Solicitud de cambio de medidor.pdf,7,78,14,1024,1.0,9
CVA-PR-007 Solicitud de cambio de medidor.pdf,8,140,25,1024,1.0,21
CVA-PR-007 Solicitud de cambio de medidor.pdf,9,408,70,1024,1.0,38
CVA-PR-007 Solicitud de cambio de medidor.pdf,10,4016,674,1024,1.0,109
CVA-PR-007 Solicitud de cambio de medidor.pdf,11,5224,848,1024,1.0,114
CVA-PR-008 Duplicados y Otorgamiento de crédito.pdf,0,83,17,1024,1.0,15
CVA-PR-008 Duplicados y Otorgamiento de crédito.pdf,1,173,31,1024,1.0,13
CVA-PR-008 Duplicados y Otorgamiento de crédito.pdf,2,335,50,1024,1.0,22
CVA-PR-008 Duplicados y Otorgamiento de crédito.pdf,3,180,28,1024,1.0,14
CVA-PR-008 Duplicados y Otorgamiento de crédito.pdf,4,495,79,1024,1.0,29
CVA-PR-008 Duplicados y Otorgamiento de crédito.pdf,5,143,21,1024,1.0,15
CVA-PR-008 Duplicados y Otorgamiento de crédito.pdf,6,332,50,1024,1.0,21
CVA-PR-008 Duplicados y Otorgamiento de crédito.pdf,7,78,14,1024,1.0,9
CVA-PR-008 Duplicados y Otorgamiento de crédito.pdf,8,155,22,1024,1.0,10
CVA-PR-008 Duplicados y Otorgamiento de crédito.pdf,9,353,65,1024,1.0,33
CVA-PR-008 Duplicados y Otorgamiento de crédito.pdf,10,4906,808,1024,1.0,85
CVA-PR-008 Duplicados y Otorgamiento de crédito.pdf,11,3008,486,1024,1.0,76
CVA-PR-008 Duplicados y Otorgamiento de crédito.pdf,12,4421,763,1024,1.0,74
CVA-PR-008 Duplicados y Otorgamiento de crédito.pdf,13,5404,925,1024,1.0,60
CVA-PR-010 Elaboración del presupuesto y pago de servicio extraordinario.pdf,0,83,17,1024,1.0,15
CVA-PR-010 Elaboración del presupuesto y pago de servicio extraordinario.pdf,1,173,31,1024,1.0,13
CVA-PR-010 Elaboración del presupuesto y pago de servicio extraordinario.pdf,2,537,81,1024,1.0,35
CVA-PR-010 Elaboración del presupuesto y pago de servicio extraordinario.pdf,3,1439,222,1024,1.0,60
CVA-PR-010 Elaboración del presupuesto y pago de servicio extraordinario.pdf,4,166,25,1024,1.0,14
CVA-PR-010 Elaboración del presupuesto y pago de servicio extraordinario.pdf,5,129,20,1024,1.0,13
CVA-PR-010 Elaboración del presupuesto y pago de servicio extraordinario.pdf,6,117,18,1024,1.0,12
CVA-PR-010 Elaboración del presupuesto y pago de servicio extraordinario.pdf,7,377,58,1024,1.0,25
CVA-PR-010 Elaboración del presupuesto y pago de servicio extraordinario.pdf,8,78,14,1024,1.0,9
CVA-PR-010 Elaboración del presupuesto y pago de servicio extraordinario.pdf,9,56,8,1024,1.0,6
CVA-PR-010 Elaboración del presupuesto y pago de servicio extraordinario.pdf,10,1025,171,1024,1.0,82
CVA-PR-010 Elaboración del presupuesto y pago de servicio extraordinario.pdf,11,397,69,1024,1.0,34
CVA-PR-010 Elaboración del presupuesto y pago de servicio extraordinario.pdf,12,240,38,1024,1.0,19
CVA-PR-010 Elaboración del presupuesto y pago de servicio extraordinario.pdf,13,1169,181,1024,1.0,78
CVA-PR-010 Elaboración del presupuesto y pago de servicio extraordinario.pdf,14,282,45,1024,1.0,33
CVA-PR-010 Elaboración del presupuesto y pago de servicio extraordinario.pdf,15,5014,851,1024,1.0,83
CVA-PR-010 Elaboración del presupuesto y pago de servicio extraordinario.pdf,16,3986,692,1024,1.0,87
CVA-PR-010 Elaboración del presupuesto y pago de servicio extraordinario.pdf,17,5536,1005,1024,1.0,96
CVA-PR-010 Elaboración del presupuesto y pago de servicio extraordinario.pdf,18,3909,705,1024,1.0,59
CVA-PR-011 Devolución de pagos en efectivo.pdf,0,83,17,1024,1.0,14
CVA-PR-011 Devolución de pagos en efectivo.pdf,1,173,31,1024,1.0,13
CVA-PR-011 Devolución de pagos en efectivo.pdf,2,403,60,1024,1.0,26
CVA-PR-011 Devolución de pagos en efectivo.pdf,3,253,38,1024,1.0,20
CVA-PR-011 Devolución de pagos en efectivo.pdf,4,3378,574,1024,1.0,147
CVA-PR-011 Devolución de pagos en efectivo.pdf,5,216,37,1024,1.0,16
CVA-PR-011 Devolución de pagos en efectivo.pdf,6,828,123,1024,1.0,66
CVA-PR-011 Devolución de pagos en efectivo.pdf,7,437,63,1024,1.0,31
CVA-PR-011 Devolución de pagos en efectivo.pdf,8,78,14,1024,1.0,9
CVA-PR-011 Devolución de pagos en efectivo.pdf,9,56,8,1024,1.0,6
CVA-PR-011 Devolución de pagos en efectivo.pdf,10,499,77,1024,1.0,40
CVA-PR-011 Devolución de pagos en efectivo.pdf,11,527,78,1024,1.0,24
CVA-PR-011 Devolución de pagos en efectivo.pdf,12,188,34,1024,1.0,26
CVA-PR-011 Devolución de pagos en efectivo.pdf,13,5379,823,1024,1.0,93
CVA-PR-012 Emisión y Control de Comprobantes de Pago.pdf,0,83,17,1024,1.0,15
CVA-PR-012 Emisión y Control de Comprobantes de Pago.pdf,1,173,31,1024,1.0,13
CVA-PR-012 Emisión y Control de Comprobantes de Pago.pdf,2,335,50,1024,1.0,20
CVA-PR-012 Emisión y Control de Comprobantes de Pago.pdf,3,136,23,1024,1.0,11
CVA-PR-012 Emisión y Control de Comprobantes de Pago.pdf,4,1183,190,1024,1.0,74
CVA-PR-012 Emisión y Control de Comprobantes de Pago.pdf,5,811,121,1024,1.0,52
CVA-PR-012 Emisión y Control de Comprobantes de Pago.pdf,6,537,88,1024,1.0,40
CVA-PR-012 Emisión y Control de Comprobantes de Pago.pdf,7,78,14,1024,1.0,9
CVA-PR-012 Emisión y Control de Comprobantes de Pago.pdf,8,1515,220,1024,1.0,92
CVA-PR-012 Emisión y Control de Comprobantes de Pago.pdf,9,1566,248,1024,1.0,65
CVA-PR-012 Emisión y Control de Comprobantes de Pago.pdf,10,293,47,1024,1.0,21
CVA-PR-012 Emisión y Control de Comprobantes de Pago.pdf,11,163,31,1024,1.0,22
CVA-PR-012 Emisión y Control de Comprobantes de Pago.pdf,12,3547,600,1024,1.0,118
CVA-PR-012 Emisión y Control de Comprobantes de Pago.pdf,13,4236,702,1024,1.0,80
CVA-PR-013 Atención de reclamos por no entrega de recibos.pdf,0,84,17,1024,1.0,15
CVA-PR-013 Atención de reclamos por no entrega de recibos.pdf,1,156,28,1024,1.0,12
CVA-PR-013 Atención de reclamos por no entrega de recibos.pdf,2,520,79,1024,1.0,34
CVA-PR-013 Atención de reclamos por no entrega de recibos.pdf,3,175,27,1024,1.0,15
CVA-PR-013 Atención de reclamos por no entrega de recibos.pdf,4,297,46,1024,1.0,23
CVA-PR-013 Atención de reclamos por no entrega de recibos.pdf,5,3132,483,1024,1.0,146
CVA-PR-013 Atención de reclamos por no entrega de recibos.pdf,6,2546,378,1024,1.0,116
CVA-PR-013 Atención de reclamos por no entrega de recibos.pdf,7,1007,147,1024,1.0,72
CVA-PR-013 Atención de reclamos por no entrega de recibos.pdf,8,730,108,1024,1.0,59
CVA-PR-013 Atención de reclamos por no entrega de recibos.pdf,9,691,113,1024,1.0,33
CVA-PR-013 Atención de reclamos por no entrega de recibos.pdf,10,73,13,1024,1.0,7
CVA-PR-013 Atención de reclamos por no entrega de recibos.pdf,11,981,164,1024,1.0,55
CVA-PR-013 Atención de reclamos por no entrega de recibos.pdf,12,736,137,1024,1.0,36
CVA-PR-013 Atención de reclamos por no entrega de recibos.pdf,13,578,96,1024,1.0,48
CVA-PR-013 Atención de reclamos por no entrega de recibos.pdf,14,6184,915,1024,1.0,127
CVA-PR-013 Atención de reclamos por no entrega de recibos.pdf,15,7341,1107,1024,1.0,86
CVA-PR-013 Atención de reclamos por no entrega de recibos.pdf,16,4245,624,1024,1.0,49
CVA-PR-013 Atención de reclamos por no entrega de recibos.pdf,17,6768,1021,1024,1.0,91
CVA-PR-013 Atención de reclamos por no entrega de recibos.pdf,18,3963,705,1024,1.0,74
CVA-PR-013 Atención de reclamos por no entrega de recibos.pdf,19,3920,665,1024,1.0,65
CVA-PR-013 Atención de reclamos por no entrega de recibos.pdf,20,4258,709,1024,1.0,69
CVA-PR-013 Atención de reclamos por no entrega de recibos.pdf,21,5070,882,1024,1.0,72
CVA-PR-013 Atención de reclamos por no entrega de recibos.pdf,22,4907,834,1024,1.0,64
CVA-PR-013 Atención de reclamos por no entrega de recibos.pdf,23,3473,606,1024,1.0,40
CVA-PR-014 Atención de reclamos por oposición a cambio de Razón Social.pdf,0,400,71,1024,1.0,31
CVA-PR-014 Atención de reclamos por oposición a cambio de Razón Social.pdf,1,546,81,1024,1.0,34
CVA-PR-014 Atención de reclamos por oposición a cambio de Razón Social.pdf,2,175,27,1024,1.0,15
CVA-PR-014 Atención de reclamos por oposición a cambio de Razón Social.pdf,3,297,46,1024,1.0,23
CVA-PR-014 Atención de reclamos por oposición a cambio de Razón Social.pdf,4,3156,486,1024,1.0,149
CVA-PR-014 Atención de reclamos por oposición a cambio de Razón Social.pdf,5,2546,378,1024,1.0,116
CVA-PR-014 Atención de reclamos por oposición a cambio de Razón Social.pdf,6,1007,147,1024,1.0,72
CVA-PR-014 Atención de reclamos por oposición a cambio de Razón Social.pdf,7,730,108,1024,1.0,59
CVA-PR-014 Atención de reclamos por oposición a cambio de Razón Social.pdf,8,691,113,1024,1.0,33
CVA-PR-014 Atención de reclamos por oposición a cambio de Razón Social.pdf,9,75,14,1024,1.0,7
CVA-PR-014 Atención de reclamos por oposición a cambio de Razón Social.pdf,10,976,162,1024,1.0,55
CVA-PR-014 Atención de reclamos por oposición a cambio de Razón Social.pdf,11,746,139,1024,1.0,37
CVA-PR-014 Atención de reclamos por oposición a cambio de Razón Social.pdf,12,528,89,1024,1.0,46
CVA-PR-014 Atención de reclamos por oposición a cambio de Razón Social.pdf,13,68,12,1024,1.0,8
CVA-PR-014 Atención de reclamos por oposición a cambio de Razón Social.pdf,14,84,17,1024,1.0,15
CVA-PR-014 Atención de reclamos por oposición a cambio de Razón Social.pdf,15,6176,1002,1024,1.0,56
CVA-PR-014 Atención de reclamos por oposición a cambio de Razón Social.pdf,16,84,17,1024,1.0,15
CVA-PR-014 Atención de reclamos por oposición a cambio de Razón Social.pdf,17,5771,973,1024,1.0,85
CVA-PR-014 Atención de reclamos por oposición a cambio de Razón Social.pdf,18,1643,249,1024,1.0,77
CVA-PR-014 Atención de reclamos por oposición a cambio de Razón Social.pdf,19,85,17,1024,1.0,15
CVA-PR-014 Atención de reclamos por oposición a cambio de Razón Social.pdf,20,5430,810,1024,1.0,80
CVA-PR-014 Atención de reclamos por oposición a cambio de Razón Social.pdf,21,7180,1047,1024,1.0,74
CVA-PR-014 Atención de reclamos por oposición a cambio de Razón Social.pdf,22,4451,673,1024,1.0,80
CVA-PR-014 Atención de reclamos por oposición a cambio de Razón Social.pdf,23,3876,688,1024,1.0,74
CVA-PR-014 Atención de reclamos por oposición a cambio de Razón Social.pdf,24,85,17,1024,1.0,15
CVA-PR-014 Atención de reclamos por oposición a cambio de Razón Social.pdf,25,3834,648,1024,1.0,51
CVA-PR-014 Atención de reclamos por oposición a cambio de Razón Social.pdf,26,85,17,1024,1.0,15
CVA-PR-014 Atención de reclamos por oposición a cambio de Razón Social.pdf,27,4521,767,1024,1.0,56
CVA-PR-014 Atención de reclamos por oposición a cambio de Razón Social.pdf,28,85,17,1024,1.0,15
CVA-PR-014 Atención de reclamos por oposición a cambio de Razón Social.pdf,29,5630,952,1024,1.0,63
CVA-PR-014 Atención de reclamos por oposición a cambio de Razón Social.pdf,30,85,17,1024,1.0,15
CVA-PR-014 Atención de reclamos por oposición a cambio de Razón Social.pdf,31,5451,930,1024,1.0,61
CVA-PR-014 Atención de reclamos por oposición a cambio de Razón Social.pdf,32,85,17,1024,1.0,14
CVA-PR-014 Atención de reclamos por oposición a cambio de Razón Social.pdf,33,1740,308,1024,1.0,33
CVA-PR-016 Inspección de Suministros.pdf,0,333,58,1024,1.0,29
CVA-PR-016 Inspección de Suministros.pdf,1,408,58,1024,1.0,22
CVA-PR-016 Inspección de Suministros.pdf,2,253,46,1024,1.0,20
CVA-PR-016 Inspección de Suministros.pdf,3,2112,321,1024,1.0,109
CVA-PR-016 Inspección de Suministros.pdf,4,735,114,1024,1.0,63
CVA-PR-016 Inspección de Suministros.pdf,5,463,77,1024,1.0,29
CVA-PR-016 Inspección de Suministros.pdf,6,92,17,1024,1.0,11
CVA-PR-016 Inspección de Suministros.pdf,7,56,8,1024,1.0,6
CVA-PR-016 Inspección de Suministros.pdf,8,167,29,1024,1.0,26
CVA-PR-016 Inspección de Suministros.pdf,9,3742,658,1024,1.0,69
CVA-PR-016 Inspección de Suministros.pdf,10,3530,576,1024,1.0,57
CVA-PR-017 PROCEDIMIENTO DE ATENCION A PERSONAS CON DISCAPACIDAD.pdf,0,67,11,1024,1.0,12
CVA-PR-017 PROCEDIMIENTO DE ATENCION A PERSONAS CON DISCAPACIDAD.pdf,1,137,26,1024,1.0,11
CVA-PR-017 PROCEDIMIENTO DE ATENCION A PERSONAS CON DISCAPACIDAD.pdf,2,344,49,1024,1.0,16
CVA-PR-017 PROCEDIMIENTO DE ATENCION A PERSONAS CON DISCAPACIDAD.pdf,3,250,37,1024,1.0,15
CVA-PR-017 PROCEDIMIENTO DE ATENCION A PERSONAS CON DISCAPACIDAD.pdf,4,348,50,1024,1.0,19
CVA-PR-017 PROCEDIMIENTO DE ATENCION A PERSONAS CON DISCAPACIDAD.pdf,5,64,12,1024,1.0,5
CVA-PR-017 PROCEDIMIENTO DE ATENCION A PERSONAS CON DISCAPACIDAD.pdf,6,563,86,1024,1.0,36
CVA-PR-017 PROCEDIMIENTO DE ATENCION A PERSONAS CON DISCAPACIDAD.pdf,7,426,65,1024,1.0,35
CVA-PR-017 PROCEDIMIENTO DE ATENCION A PERSONAS CON DISCAPACIDAD.pdf,8,216,32,1024,1.0,17
CVA-PR-017 PROCEDIMIENTO DE ATENCION A PERSONAS CON DISCAPACIDAD.pdf,9,457,65,1024,1.0,26
CVA-PR-017 PROCEDIMIENTO DE ATENCION A PERSONAS CON DISCAPACIDAD.pdf,10,188,27,1024,1.0,14
CVA-PR-017 PROCEDIMIENTO DE ATENCION A PERSONAS CON DISCAPACIDAD.pdf,11,930,141,1024,1.0,44
CVA-PR-017 PROCEDIMIENTO DE ATENCION A PERSONAS CON DISCAPACIDAD.pdf,12,190,26,1024,1.0,14
CVA-PR-017 PROCEDIMIENTO DE ATENCION A PERSONAS CON DISCAPACIDAD.pdf,13,118,19,1024,1.0,16
CVA-PR-017 PROCEDIMIENTO DE ATENCION A PERSONAS CON DISCAPACIDAD.pdf,14,3579,628,1024,1.0,63
CVA-PR-018 Atención de reclamos por daños y perjuicios.pdf,0,84,17,1024,1.0,15
CVA-PR-018 Atención de reclamos por daños y perjuicios.pdf,1,170,30,1024,1.0,13
CVA-PR-018 Atención de reclamos por daños y perjuicios.pdf,2,535,82,1024,1.0,36
CVA-PR-018 Atención de reclamos por daños y perjuicios.pdf,3,175,27,1024,1.0,15
CVA-PR-018 Atención de reclamos por daños y perjuicios.pdf,4,297,46,1024,1.0,23
CVA-PR-018 Atención de reclamos por daños y perjuicios.pdf,5,3147,485,1024,1.0,148
CVA-PR-018 Atención de reclamos por daños y perjuicios.pdf,6,2546,378,1024,1.0,116
CVA-PR-018 Atención de reclamos por daños y perjuicios.pdf,7,1007,147,1024,1.0,72
CVA-PR-018 Atención de reclamos por daños y perjuicios.pdf,8,729,108,1024,1.0,59
CVA-PR-018 Atención de reclamos por daños y perjuicios.pdf,9,691,113,1024,1.0,33
CVA-PR-018 Atención de reclamos por daños y perjuicios.pdf,10,75,14,1024,1.0,7
CVA-PR-018 Atención de reclamos por daños y perjuicios.pdf,11,1035,171,1024,1.0,57
CVA-PR-018 Atención de reclamos por daños y perjuicios.pdf,12,736,137,1024,1.0,36
CVA-PR-018 Atención de reclamos por daños y perjuicios.pdf,13,528,89,1024,1.0,45
CVA-PR-018 Atención de reclamos por daños y perjuicios.pdf,14,84,17,1024,1.0,15
CVA-PR-018 Atención de reclamos por daños y perjuicios.pdf,15,5129,763,1024,1.0,50
CVA-PR-018 Atención de reclamos por daños y perjuicios.pdf,16,84,17,1024,1.0,15
CVA-PR-018 Atención de reclamos por daños y perjuicios.pdf,17,5769,893,1024,1.0,83
CVA-PR-018 Atención de reclamos por daños y perjuicios.pdf,18,4978,776,1024,1.0,67
CVA-PR-018 Atención de reclamos por daños y perjuicios.pdf,19,85,17,1024,1.0,15
CVA-PR-018 Atención de reclamos por daños y perjuicios.pdf,20,4158,597,1024,1.0,124
CVA-PR-018 Atención de reclamos por daños y perjuicios.pdf,21,85,17,1024,1.0,15
CVA-PR-018 Atención de reclamos por daños y perjuicios.pdf,22,3633,542,1024,1.0,53
CVA-PR-018 Atención de reclamos por daños y perjuicios.pdf,23,85,17,1024,1.0,15
CVA-PR-018 Atención de reclamos por daños y perjuicios.pdf,24,4311,619,1024,1.0,47
CVA-PR-018 Atención de reclamos por daños y perjuicios.pdf,25,85,17,1024,1.0,15
CVA-PR-018 Atención de reclamos por daños y perjuicios.pdf,26,4425,648,1024,1.0,41
CVA-PR-018 Atención de reclamos por daños y perjuicios.pdf,27,85,17,1024,1.0,15
CVA-PR-018 Atención de reclamos por daños y perjuicios.pdf,28,3972,587,1024,1.0,82
CVA-PR-018 Atención de reclamos por daños y perjuicios.pdf,29,85,17,1024,1.0,15
CVA-PR-018 Atención de reclamos por daños y perjuicios.pdf,30,3886,689,1024,1.0,75
CVA-PR-018 Atención de reclamos por daños y perjuicios.pdf,31,85,17,1024,1.0,15
CVA-PR-018 Atención de reclamos por daños y perjuicios.pdf,32,3842,649,1024,1.0,52
CVA-PR-018 Atención de reclamos por daños y perjuicios.pdf,33,85,17,1024,1.0,15
CVA-PR-018 Atención de reclamos por daños y perjuicios.pdf,34,4529,768,1024,1.0,57
CVA-PR-018 Atención de reclamos por daños y perjuicios.pdf,35,85,17,1024,1.0,15
CVA-PR-018 Atención de reclamos por daños y perjuicios.pdf,36,5638,953,1024,1.0,64
CVA-PR-018 Atención de reclamos por daños y perjuicios.pdf,37,85,17,1024,1.0,15
CVA-PR-018 Atención de reclamos por daños y perjuicios.pdf,38,5392,921,1024,1.0,56
CVA-PR-018 Atención de reclamos por daños y perjuicios.pdf,39,85,17,1024,1.0,14
CVA-PR-018 Atención de reclamos por daños y perjuicios.pdf,40,1748,309,1024,1.0,34
CVFM-IN-001 Instructivo para la Lectura Remota de Clientes Mayores.pdf,0,26,5,1024,1.0,5
CVFM-IN-001 Instructivo para la Lectura Remota de Clientes Mayores.pdf,1,3787,601,1024,1.0,156
CVFM-PR-001 Instalación de suministro - Clientes Mayores.pdf,0,404,66,1024,1.0,31
CVFM-PR-001 Instalación de suministro - Clientes Mayores.pdf,1,355,49,1024,1.0,19
CVFM-PR-001 Instalación de suministro - Clientes Mayores.pdf,2,323,48,1024,1.0,24
CVFM-PR-001 Instalación de suministro - Clientes Mayores.pdf,3,53,7,1024,1.0,6
CVFM-PR-001 Instalación de suministro - Clientes Mayores.pdf,4,207,35,1024,1.0,19
CVFM-PR-001 Instalación de suministro - Clientes Mayores.pdf,5,1966,302,1024,1.0,113
CVFM-PR-001 Instalación de suministro - Clientes Mayores.pdf,6,307,57,1024,1.0,32
CVFM-PR-001 Instalación de suministro - Clientes Mayores.pdf,7,506,79,1024,1.0,52
CVFM-PR-001 Instalación de suministro - Clientes Mayores.pdf,8,282,46,1024,1.0,20
CVFM-PR-001 Instalación de suministro - Clientes Mayores.pdf,9,285,46,1024,1.0,26
CVFM-PR-001 Instalación de suministro - Clientes Mayores.pdf,10,69,9,1024,1.0,6
CVFM-PR-001 Instalación de suministro - Clientes Mayores.pdf,11,143,21,1024,1.0,10
CVFM-PR-001 Instalación de suministro - Clientes Mayores.pdf,12,1031,170,1024,1.0,38
CVFM-PR-001 Instalación de suministro - Clientes Mayores.pdf,13,129,20,1024,1.0,15
CVFM-PR-001 Instalación de suministro - Clientes Mayores.pdf,14,689,112,1024,1.0,49
CVFM-PR-001 Instalación de suministro - Clientes Mayores.pdf,15,3346,511,1024,1.0,85
CVFM-PR-001 Instalación de suministro - Clientes Mayores.pdf,16,4973,753,1024,1.0,76
CVFM-PR-001 Instalación de suministro - Clientes Mayores.pdf,17,4416,676,1024,1.0,76
CVFM-PR-001 Instalación de suministro - Clientes Mayores.pdf,18,4564,682,1024,1.0,76
CVFM-PR-001 Instalación de suministro - Clientes Mayores.pdf,19,4893,719,1024,1.0,57
CVFM-PR-002 Lectura de medidores multi-tarifa.pdf,0,344,58,1024,1.0,30
CVFM-PR-002 Lectura de medidores multi-tarifa.pdf,1,345,49,1024,1.0,18
CVFM-PR-002 Lectura de medidores multi-tarifa.pdf,2,226,34,1024,1.0,18
CVFM-PR-002 Lectura de medidores multi-tarifa.pdf,3,2466,406,1024,1.0,149
CVFM-PR-002 Lectura de medidores multi-tarifa.pdf,4,682,123,1024,1.0,43
CVFM-PR-002 Lectura de medidores multi-tarifa.pdf,5,208,40,1024,1.0,23
CVFM-PR-002 Lectura de medidores multi-tarifa.pdf,6,83,11,1024,1.0,13
CVFM-PR-002 Lectura de medidores multi-tarifa.pdf,7,248,41,1024,1.0,20
CVFM-PR-002 Lectura de medidores multi-tarifa.pdf,8,81,15,1024,1.0,10
CVFM-PR-002 Lectura de medidores multi-tarifa.pdf,9,71,10,1024,1.0,6
CVFM-PR-002 Lectura de medidores multi-tarifa.pdf,10,470,80,1024,1.0,40
CVFM-PR-002 Lectura de medidores multi-tarifa.pdf,11,84,17,1024,1.0,15
CVFM-PR-002 Lectura de medidores multi-tarifa.pdf,12,5173,894,1024,1.0,78
CVFM-PR-002 Lectura de medidores multi-tarifa.pdf,13,6274,1073,1024,1.0,67
CVFM-PR-002 Lectura de medidores multi-tarifa.pdf,14,4897,833,1024,1.0,66
PETS-REVISION DEL SISTEMA DE MEDICION.pdf,0,82,17,1024,1.0,15
PETS-REVISION DEL SISTEMA DE MEDICION.pdf,1,4253,715,1024,1.0,197
PETS-REVISION DEL SISTEMA DE MEDICION.pdf,2,4577,757,1024,1.0,220
CVC-IN-001 Cobranza En Linea.pdf,0,115,17,1024,1.0,15
CVC-IN-001 Cobranza En Linea.pdf,1,63,12,1024,1.0,5
CVC-IN-001 Cobranza En Linea.pdf,2,249,37,1024,1.0,20
CVC-IN-001 Cobranza En Linea.pdf,3,562,88,1024,1.0,38
CVC-IN-001 Cobranza En Linea.pdf,4,40,5,1024,1.0,7
CVC-IN-001 Cobranza En Linea.pdf,5,552,90,1024,1.0,36
CVC-IN-001 Cobranza En Linea.pdf,6,211,36,1024,1.0,17
CVC-IN-001 Cobranza En Linea.pdf,7,78,12,1024,1.0,6
CVC-IN-001 Cobranza En Linea.pdf,8,101,17,1024,1.0,9
CVC-IN-001 Cobranza En Linea.pdf,9,76,14,1024,1.0,8
CVC-IN-001 Cobranza En Linea.pdf,10,168,29,1024,1.0,15
CVC-IN-001 Cobranza En Linea.pdf,11,118,18,1024,1.0,11
CVC-IN-001 Cobranza En Linea.pdf,12,403,68,1024,1.0,36
CVC-IN-001 Cobranza En Linea.pdf,13,133,23,1024,1.0,11
CVC-IN-002 Cobranza Tiempo Diferido.pdf,0,115,17,1024,1.0,15
CVC-IN-002 Cobranza Tiempo Diferido.pdf,1,63,12,1024,1.0,5
CVC-IN-002 Cobranza Tiempo Diferido.pdf,2,249,37,1024,1.0,20
CVC-IN-002 Cobranza Tiempo Diferido.pdf,3,561,88,1024,1.0,38
CVC-IN-002 Cobranza Tiempo Diferido.pdf,4,40,5,1024,1.0,7
CVC-IN-002 Cobranza Tiempo Diferido.pdf,5,554,91,1024,1.0,36
CVC-IN-002 Cobranza Tiempo Diferido.pdf,6,226,40,1024,1.0,18
CVC-IN-002 Cobranza Tiempo Diferido.pdf,7,78,12,1024,1.0,6
CVC-IN-002 Cobranza Tiempo Diferido.pdf,8,101,17,1024,1.0,9
CVC-IN-002 Cobranza Tiempo Diferido.pdf,9,104,17,1024,1.0,11
CVC-IN-002 Cobranza Tiempo Diferido.pdf,10,180,29,1024,1.0,14
CVC-IN-002 Cobranza Tiempo Diferido.pdf,11,480,73,1024,1.0,36
CVC-IN-002 Cobranza Tiempo Diferido.pdf,12,331,57,1024,1.0,32
CVC-IN-003  Cobranza por Distribuir.pdf,0,69,11,1024,1.0,9
CVC-IN-003  Cobranza por Distribuir.pdf,1,63,12,1024,1.0,5
CVC-IN-003  Cobranza por Distribuir.pdf,2,70,9,1024,1.0,5
CVC-IN-003  Cobranza por Distribuir.pdf,3,240,41,1024,1.0,13
CVC-IN-003  Cobranza por Distribuir.pdf,4,42,6,1024,1.0,7
CVC-IN-003  Cobranza por Distribuir.pdf,5,424,71,1024,1.0,31
CVC-IN-003  Cobranza por Distribuir.pdf,6,321,52,1024,1.0,24
CVC-IN-003  Cobranza por Distribuir.pdf,7,113,19,1024,1.0,10
CVC-IN-003  Cobranza por Distribuir.pdf,8,126,19,1024,1.0,14
CVC-IN-003  Cobranza por Distribuir.pdf,9,157,22,1024,1.0,15
CVC-IN-003  Cobranza por Distribuir.pdf,10,376,63,1024,1.0,32
CVC-IN-003  Cobranza por Distribuir.pdf,11,107,18,1024,1.0,8
CVC-IN-005 Ejecución de Cortes y Reconexiones.pdf,0,48,11,1024,1.0,10
CVC-IN-005 Ejecución de Cortes y Reconexiones.pdf,1,61,11,1024,1.0,4
CVC-IN-005 Ejecución de Cortes y Reconexiones.pdf,2,213,35,1024,1.0,19
CVC-IN-005 Ejecución de Cortes y Reconexiones.pdf,3,29,4,1024,1.0,3
CVC-IN-005 Ejecución de Cortes y Reconexiones.pdf,4,558,80,1024,1.0,43
CVC-IN-005 Ejecución de Cortes y Reconexiones.pdf,5,331,50,1024,1.0,23
CVC-IN-005 Ejecución de Cortes y Reconexiones.pdf,6,1045,172,1024,1.0,68
CVC-IN-005 Ejecución de Cortes y Reconexiones.pdf,7,559,89,1024,1.0,34
CVC-IN-005 Ejecución de Cortes y Reconexiones.pdf,8,2763,450,1024,1.0,117
CVC-IN-005 Ejecución de Cortes y Reconexiones.pdf,9,956,154,1024,1.0,63
CVC-IN-005 Ejecución de Cortes y Reconexiones.pdf,10,860,138,1024,1.0,65
CVC-IN-005 Ejecución de Cortes y Reconexiones.pdf,11,74,9,1024,1.0,6
CVC-IN-005 Ejecución de Cortes y Reconexiones.pdf,12,105,15,1024,1.0,10
CVC-IN-005 Ejecución de Cortes y Reconexiones.pdf,13,2583,420,1024,1.0,94
CVC-IN-005 Ejecución de Cortes y Reconexiones.pdf,14,242,41,1024,1.0,26
CVC-IN-005 Ejecución de Cortes y Reconexiones.pdf,15,317,47,1024,1.0,24
CVC-IN-005 Ejecución de Cortes y Reconexiones.pdf,16,139,21,1024,1.0,16
CVC-IN-005 Ejecución de Cortes y Reconexiones.pdf,17,44,6,1024,1.0,6
CVC-IN-005 Ejecución de Cortes y Reconexiones.pdf,18,290,48,1024,1.0,21
CVC-IN-005 Ejecución de Cortes y Reconexiones.pdf,19,223,38,1024,1.0,19
CVC-IN-005 Ejecución de Cortes y Reconexiones.pdf,20,408,66,1024,1.0,33
CVC-PR-001 Recaudación de cobranzas.pdf,0,337,58,1024,1.0,27
CVC-PR-001 Recaudación de cobranzas.pdf,1,376,52,1024,1.0,21
CVC-PR-001 Recaudación de cobranzas.pdf,2,197,32,1024,1.0,15
CVC-PR-001 Recaudación de cobranzas.pdf,3,960,147,1024,1.0,66
CVC-PR-001 Recaudación de cobranzas.pdf,4,718,108,1024,1.0,68
CVC-PR-001 Recaudación de cobranzas.pdf,5,392,52,1024,1.0,25
CVC-PR-001 Recaudación de cobranzas.pdf,6,232,45,1024,1.0,23
CVC-PR-001 Recaudación de cobranzas.pdf,7,141,26,1024,1.0,13
CVC-PR-001 Recaudación de cobranzas.pdf,8,144,23,1024,1.0,12
CVC-PR-001 Recaudación de cobranzas.pdf,9,546,85,1024,1.0,45
CVC-PR-001 Recaudación de cobranzas.pdf,10,84,17,1024,1.0,15
CVC-PR-001 Recaudación de cobranzas.pdf,11,181,32,1024,1.0,25
CVC-PR-001 Recaudación de cobranzas.pdf,12,3493,540,1024,1.0,88
CVC-PR-001 Recaudación de cobranzas.pdf,13,3638,552,1024,1.0,107
CVC-PR-001 Recaudación de cobranzas.pdf,14,3743,544,1024,1.0,106
CVC-PR-001 Recaudación de cobranzas.pdf,15,6471,972,1024,1.0,156
CVC-PR-001 Recaudación de cobranzas.pdf,16,5069,754,1024,1.0,94
CVC-PR-001 Recaudación de cobranzas.pdf,17,4506,720,1024,1.0,76
CVC-PR-002 Gestión de Cobranza de Deudas Vencidas v2020.1.pdf,0,83,17,1024,1.0,15
CVC-PR-002 Gestión de Cobranza de Deudas Vencidas v2020.1.pdf,1,165,29,1024,1.0,12
CVC-PR-002 Gestión de Cobranza de Deudas Vencidas v2020.1.pdf,2,347,50,1024,1.0,22
CVC-PR-002 Gestión de Cobranza de Deudas Vencidas v2020.1.pdf,3,279,40,1024,1.0,20
CVC-PR-002 Gestión de Cobranza de Deudas Vencidas v2020.1.pdf,4,893,142,1024,1.0,58
CVC-PR-002 Gestión de Cobranza de Deudas Vencidas v2020.1.pdf,5,548,82,1024,1.0,52
CVC-PR-002 Gestión de Cobranza de Deudas Vencidas v2020.1.pdf,6,359,56,1024,1.0,24
CVC-PR-002 Gestión de Cobranza de Deudas Vencidas v2020.1.pdf,7,78,14,1024,1.0,9
CVC-PR-002 Gestión de Cobranza de Deudas Vencidas v2020.1.pdf,8,140,25,1024,1.0,21
CVC-PR-002 Gestión de Cobranza de Deudas Vencidas v2020.1.pdf,9,351,60,1024,1.0,36
CVC-PR-002 Gestión de Cobranza de Deudas Vencidas v2020.1.pdf,10,5411,801,1024,1.0,121
CVC-PR-002 Gestión de Cobranza de Deudas Vencidas v2020.1.pdf,11,6229,921,1024,1.0,96
CVC-PR-002 Gestión de Cobranza de Deudas Vencidas v2020.1.pdf,12,1815,277,1024,1.0,49
"CVC-PR-003 Inventario, Provisión y Castigo Contable.pdf",0,83,17,1024,1.0,15
"CVC-PR-003 Inventario, Provisión y Castigo Contable.pdf",1,165,29,1024,1.0,12
"CVC-PR-003 Inventario, Provisión y Castigo Contable.pdf",2,376,52,1024,1.0,21
"CVC-PR-003 Inventario, Provisión y Castigo Contable.pdf",3,151,20,1024,1.0,11
"CVC-PR-003 Inventario, Provisión y Castigo Contable.pdf",4,1052,164,1024,1.0,62
"CVC-PR-003 Inventario, Provisión y Castigo Contable.pdf",5,374,67,1024,1.0,39
"CVC-PR-003 Inventario, Provisión y Castigo Contable.pdf",6,363,57,1024,1.0,23
"CVC-PR-003 Inventario, Provisión y Castigo Contable.pdf",7,78,14,1024,1.0,9
"CVC-PR-003 Inventario, Provisión y Castigo Contable.pdf",8,140,25,1024,1.0,21
"CVC-PR-003 Inventario, Provisión y Castigo Contable.pdf",9,68,9,1024,1.0,6
"CVC-PR-003 Inventario, Provisión y Castigo Contable.pdf",10,43,8,1024,1.0,4
"CVC-PR-003 Inventario, Provisión y Castigo Contable.pdf",11,361,68,1024,1.0,7
"CVC-PR-003 Inventario, Provisión y Castigo Contable.pdf",12,122,20,1024,1.0,9
"CVC-PR-003 Inventario, Provisión y Castigo Contable.pdf",13,105,15,1024,1.0,6
"CVC-PR-003 Inventario, Provisión y Castigo Contable.pdf",14,261,48,1024,1.0,23
"CVC-PR-003 Inventario, Provisión y Castigo Contable.pdf",15,5351,1019,1024,1.0,83
"CVC-PR-003 Inventario, Provisión y Castigo Contable.pdf",16,3958,752,1024,1.0,87
"CVC-PR-003 Inventario, Provisión y Castigo Contable.pdf",17,5716,1067,1024,1.0,83
CVC-PR-004 Cálculo de la Provisión genérica.pdf,0,105,17,1024,1.0,15
CVC-PR-004 Cálculo de la Provisión genérica.pdf,1,61,11,1024,1.0,4
CVC-PR-004 Cálculo de la Provisión genérica.pdf,2,523,85,1024,1.0,34
CVC-PR-004 Cálculo de la Provisión genérica.pdf,3,399,60,1024,1.0,19
CVC-PR-004 Cálculo de la Provisión genérica.pdf,4,311,56,1024,1.0,37
CVC-PR-004 Cálculo de la Provisión genérica.pdf,5,302,46,1024,1.0,20
CVC-PR-004 Cálculo de la Provisión genérica.pdf,6,23,4,1024,1.0,3
CVC-PR-004 Cálculo de la Provisión genérica.pdf,7,139,22,1024,1.0,20
CVC-PR-004 Cálculo de la Provisión genérica.pdf,8,2278,387,1024,1.0,72
CVC-PR-005 Cortes y Reconexiones.pdf,0,84,17,1024,1.0,15
CVC-PR-005 Cortes y Reconexiones.pdf,1,153,27,1024,1.0,12
CVC-PR-005 Cortes y Reconexiones.pdf,2,526,81,1024,1.0,35
CVC-PR-005 Cortes y Reconexiones.pdf,3,2153,321,1024,1.0,63
CVC-PR-005 Cortes y Reconexiones.pdf,4,275,46,1024,1.0,22
CVC-PR-005 Cortes y Reconexiones.pdf,5,927,149,1024,1.0,50
CVC-PR-005 Cortes y Reconexiones.pdf,6,774,115,1024,1.0,57
CVC-PR-005 Cortes y Reconexiones.pdf,7,365,52,1024,1.0,37
CVC-PR-005 Cortes y Reconexiones.pdf,8,267,43,1024,1.0,21
CVC-PR-005 Cortes y Reconexiones.pdf,9,201,38,1024,1.0,28
CVC-PR-005 Cortes y Reconexiones.pdf,10,167,24,1024,1.0,11
CVC-PR-005 Cortes y Reconexiones.pdf,11,165,28,1024,1.0,21
CVC-PR-005 Cortes y Reconexiones.pdf,12,6411,1093,1024,1.0,119
CVC-PR-005 Cortes y Reconexiones.pdf,13,4284,649,1024,1.0,74
CVC-PR-005 Cortes y Reconexiones.pdf,14,6596,1028,1024,1.0,97
CVC-PR-005 Cortes y Reconexiones.pdf,15,4311,744,1024,1.0,66
CVC-PR-005 Cortes y Reconexiones.pdf,16,4255,739,1024,1.0,62
CVC-PR-005 Cortes y Reconexiones.pdf,17,6325,1095,1024,1.0,83
CVC-PR-005 Cortes y Reconexiones.pdf,18,171,34,1024,1.0,15
CVC-PR-005 Cortes y Reconexiones.pdf,19,5970,958,1024,1.0,112
CVC-PR-005 Cortes y Reconexiones.pdf,20,4198,716,1024,1.0,68
CVC-PR-005 Cortes y Reconexiones.pdf,21,3645,620,1024,1.0,51
CVC-PR-005 Cortes y Reconexiones.pdf,22,3148,536,1024,1.0,59
CVC-PR-006 Retiro de Acometida por Deuda.pdf,0,105,17,1024,1.0,15
CVC-PR-006 Retiro de Acometida por Deuda.pdf,1,42,7,1024,1.0,3
CVC-PR-006 Retiro de Acometida por Deuda.pdf,2,544,81,1024,1.0,37
CVC-PR-006 Retiro de Acometida por Deuda.pdf,3,1447,230,1024,1.0,82
CVC-PR-006 Retiro de Acometida por Deuda.pdf,4,864,133,1024,1.0,50
CVC-PR-006 Retiro de Acometida por Deuda.pdf,5,143,23,1024,1.0,10
CVC-PR-006 Retiro de Acometida por Deuda.pdf,6,1195,166,1024,1.0,77
CVC-PR-006 Retiro de Acometida por Deuda.pdf,7,505,83,1024,1.0,29
CVC-PR-006 Retiro de Acometida por Deuda.pdf,8,83,14,1024,1.0,7
CVC-PR-006 Retiro de Acometida por Deuda.pdf,9,515,82,1024,1.0,46
CVC-PR-006 Retiro de Acometida por Deuda.pdf,10,6138,1021,1024,1.0,211
CVC-PR-006 Retiro de Acometida por Deuda.pdf,11,4295,716,1024,1.0,162
CVF-IN-002 Facturación (SIELSE)2.0.pdf,0,903,130,1024,1.0,45
CVF-IN-002 Facturación (SIELSE)2.0.pdf,1,5686,887,1024,1.0,220
CVF-IN-002 Facturación (SIELSE)2.0.pdf,2,6144,985,1024,1.0,180
CVF-IN-003 Refacturación.pdf,0,654,91,1024,1.0,41
CVF-IN-003 Refacturación.pdf,1,4751,747,1024,1.0,188
CVF-IN-004 Impresión de recibos.pdf,0,83,17,1024,1.0,15
CVF-IN-004 Impresión de recibos.pdf,1,106,12,1024,1.0,9
CVF-IN-004 Impresión de recibos.pdf,2,386,53,1024,1.0,24
CVF-IN-004 Impresión de recibos.pdf,3,274,46,1024,1.0,21
CVF-IN-004 Impresión de recibos.pdf,4,264,46,1024,1.0,21
CVF-IN-004 Impresión de recibos.pdf,5,214,30,1024,1.0,23
CVF-IN-004 Impresión de recibos.pdf,6,1076,171,1024,1.0,66
CVF-IN-004 Impresión de recibos.pdf,7,78,14,1024,1.0,9
CVF-IN-004 Impresión de recibos.pdf,8,79,14,1024,1.0,7
CVF-IN-004 Impresión de recibos.pdf,9,330,63,1024,1.0,31
CVF-IN-004 Impresión de recibos.pdf,10,5202,796,1024,1.0,96
CVF-IN-004 Impresión de recibos.pdf,11,5094,799,1024,1.0,84
CVF-IN-005 Recibos electrónicos - SUNAT.pdf,0,32,6,1024,1.0,6
CVF-IN-005 Recibos electrónicos - SUNAT.pdf,1,5560,862,1024,1.0,210
CVF-IN-005 Recibos electrónicos - SUNAT.pdf,2,195,31,1024,1.0,22
CVF-PR-001 Facturación.pdf,0,302,52,1024,1.0,26
CVF-PR-001 Facturación.pdf,1,448,61,1024,1.0,26
CVF-PR-001 Facturación.pdf,2,185,31,1024,1.0,15
CVF-PR-001 Facturación.pdf,3,576,96,1024,1.0,34
CVF-PR-001 Facturación.pdf,4,1004,154,1024,1.0,77
CVF-PR-001 Facturación.pdf,5,321,51,1024,1.0,23
CVF-PR-001 Facturación.pdf,6,161,32,1024,1.0,24
CVF-PR-001 Facturación.pdf,7,50,7,1024,1.0,4
CVF-PR-001 Facturación.pdf,8,463,77,1024,1.0,36
CVF-PR-001 Facturación.pdf,9,84,17,1024,1.0,15
CVF-PR-001 Facturación.pdf,10,84,17,1024,1.0,15
CVF-PR-001 Facturación.pdf,11,154,29,1024,1.0,20
CVF-PR-001 Facturación.pdf,12,2429,361,1024,1.0,99
CVF-PR-001 Facturación.pdf,13,5000,813,1024,1.0,84
CVF-PR-001 Facturación.pdf,14,2744,447,1024,1.0,99
CVF-PR-001 Facturación.pdf,15,4636,730,1024,1.0,61
CVF-PR-001 Facturación.pdf,16,6470,1047,1024,1.0,68
CVF-PR-002 Refacturación.pdf,0,305,52,1024,1.0,27
CVF-PR-002 Refacturación.pdf,1,399,53,1024,1.0,22
CVF-PR-002 Refacturación.pdf,2,196,26,1024,1.0,13
CVF-PR-002 Refacturación.pdf,3,82,13,1024,1.0,9
CVF-PR-002 Refacturación.pdf,4,1385,215,1024,1.0,98
CVF-PR-002 Refacturación.pdf,5,330,54,1024,1.0,23
CVF-PR-002 Refacturación.pdf,6,160,32,1024,1.0,24
CVF-PR-002 Refacturación.pdf,7,69,9,1024,1.0,6
CVF-PR-002 Refacturación.pdf,8,95,14,1024,1.0,11
CVF-PR-002 Refacturación.pdf,9,83,17,1024,1.0,15
CVF-PR-002 Refacturación.pdf,10,83,17,1024,1.0,15
CVF-PR-002 Refacturación.pdf,11,24,3,1024,1.0,4
CVF-PR-002 Refacturación.pdf,12,83,17,1024,1.0,15
CVF-PR-002 Refacturación.pdf,13,5046,707,1024,1.0,65
CVF-PR-002 Refacturación.pdf,14,83,17,1024,1.0,14
CVF-PR-002 Refacturación.pdf,15,4742,642,1024,1.0,66
CVF-PR-003 Proyección del consumo de energía no facturada V3_.pdf,0,373,65,1024,1.0,29
CVF-PR-003 Proyección del consumo de energía no facturada V3_.pdf,1,537,82,1024,1.0,35
CVF-PR-003 Proyección del consumo de energía no facturada V3_.pdf,2,899,139,1024,1.0,39
CVF-PR-003 Proyección del consumo de energía no facturada V3_.pdf,3,212,33,1024,1.0,15
CVF-PR-003 Proyección del consumo de energía no facturada V3_.pdf,4,1868,308,1024,1.0,115
CVF-PR-003 Proyección del consumo de energía no facturada V3_.pdf,5,526,95,1024,1.0,37
CVF-PR-003 Proyección del consumo de energía no facturada V3_.pdf,6,937,159,1024,1.0,46
CVF-PR-003 Proyección del consumo de energía no facturada V3_.pdf,7,85,14,1024,1.0,11
CVF-PR-003 Proyección del consumo de energía no facturada V3_.pdf,8,455,77,1024,1.0,51
CVF-PR-003 Proyección del consumo de energía no facturada V3_.pdf,9,741,141,1024,1.0,56
CVF-PR-003 Proyección del consumo de energía no facturada V3_.pdf,10,116,14,1024,1.0,16
CVF-PR-003 Proyección del consumo de energía no facturada V3_.pdf,11,902,163,1024,1.0,74
CVF-PR-003 Proyección del consumo de energía no facturada V3_.pdf,12,694,113,1024,1.0,47
CVF-PR-003 Proyección del consumo de energía no facturada V3_.pdf,13,923,171,1024,1.0,34
CVF-PR-003 Proyección del consumo de energía no facturada V3_.pdf,14,1505,265,1024,1.0,46
CVF-PR-003 Proyección del consumo de energía no facturada V3_.pdf,15,777,136,1024,1.0,32
CVF-PR-003 Proyección del consumo de energía no facturada V3_.pdf,16,807,139,1024,1.0,57
CVF-PR-003 Proyección del consumo de energía no facturada V3_.pdf,17,2312,444,1024,1.0,120
CVF-PR-003 Proyección del consumo de energía no facturada V3_.pdf,18,3049,556,1024,1.0,104
CVF-PR-003 Proyección del consumo de energía no facturada V3_.pdf,19,1740,266,1024,1.0,86
CVF-PR-003 Proyección del consumo de energía no facturada V3_.pdf,20,367,63,1024,1.0,34
CVF-PR-003 Proyección del consumo de energía no facturada V3_.pdf,21,6481,1048,1024,1.0,117
CVF-PR-004 Atención de denuncias por procesos de facturación irregular.pdf,0,29,4,1024,1.0,3
CVF-PR-004 Atención de denuncias por procesos de facturación irregular.pdf,1,255,37,1024,1.0,20
CVF-PR-004 Atención de denuncias por procesos de facturación irregular.pdf,2,1799,275,1024,1.0,103
CVF-PR-004 Atención de denuncias por procesos de facturación irregular.pdf,3,285,41,1024,1.0,27
CVF-PR-004 Atención de denuncias por procesos de facturación irregular.pdf,4,465,79,1024,1.0,35
CVF-PR-004 Atención de denuncias por procesos de facturación irregular.pdf,5,510,81,1024,1.0,31
CVF-PR-004 Atención de denuncias por procesos de facturación irregular.pdf,6,487,76,1024,1.0,45
CVF-PR-004 Atención de denuncias por procesos de facturación irregular.pdf,7,124,24,1024,1.0,20
CVF-PR-004 Atención de denuncias por procesos de facturación irregular.pdf,8,2805,470,1024,1.0,115
CVI-IN-001 Instructivo de Instalacion de suministro nuevo V9.pdf,0,327,52,1024,1.0,25
CVI-IN-001 Instructivo de Instalacion de suministro nuevo V9.pdf,1,528,80,1024,1.0,37
CVI-IN-001 Instructivo de Instalacion de suministro nuevo V9.pdf,2,1442,202,1024,1.0,39
CVI-IN-001 Instructivo de Instalacion de suministro nuevo V9.pdf,3,167,27,1024,1.0,14
CVI-IN-001 Instructivo de Instalacion de suministro nuevo V9.pdf,4,1470,235,1024,1.0,87
CVI-IN-001 Instructivo de Instalacion de suministro nuevo V9.pdf,5,390,63,1024,1.0,42
CVI-IN-001 Instructivo de Instalacion de suministro nuevo V9.pdf,6,283,51,1024,1.0,24
CVI-IN-001 Instructivo de Instalacion de suministro nuevo V9.pdf,7,259,40,1024,1.0,23
CVI-IN-001 Instructivo de Instalacion de suministro nuevo V9.pdf,8,1104,180,1024,1.0,77
CVI-IN-001 Instructivo de Instalacion de suministro nuevo V9.pdf,9,1454,251,1024,1.0,98
CVI-IN-001 Instructivo de Instalacion de suministro nuevo V9.pdf,10,88,17,1024,1.0,7
CVI-IN-001 Instructivo de Instalacion de suministro nuevo V9.pdf,11,981,161,1024,1.0,74
CVI-IN-001 Instructivo de Instalacion de suministro nuevo V9.pdf,12,586,98,1024,1.0,38
CVI-IN-001 Instructivo de Instalacion de suministro nuevo V9.pdf,13,954,162,1024,1.0,64
CVI-IN-001 Instructivo de Instalacion de suministro nuevo V9.pdf,14,870,140,1024,1.0,49
CVI-IN-001 Instructivo de Instalacion de suministro nuevo V9.pdf,15,571,84,1024,1.0,36
CVI-IN-001 Instructivo de Instalacion de suministro nuevo V9.pdf,16,493,93,1024,1.0,40
CVI-IN-001 Instructivo de Instalacion de suministro nuevo V9.pdf,17,336,57,1024,1.0,24
CVI-IN-001 Instructivo de Instalacion de suministro nuevo V9.pdf,18,246,42,1024,1.0,16
CVI-IN-001 Instructivo de Instalacion de suministro nuevo V9.pdf,19,375,65,1024,1.0,27
CVI-IN-001 Instructivo de Instalacion de suministro nuevo V9.pdf,20,295,51,1024,1.0,25
CVI-IN-001 Instructivo de Instalacion de suministro nuevo V9.pdf,21,527,80,1024,1.0,35
CVI-IN-001 Instructivo de Instalacion de suministro nuevo V9.pdf,22,4,1,1024,1.0,2
CVI-IN-001 Instructivo de Instalacion de suministro nuevo V9.pdf,23,383,64,1024,1.0,40
CVI-IN-001 Instructivo de Instalacion de suministro nuevo V9.pdf,24,363,52,1024,1.0,33
CVI-IN-001 Instructivo de Instalacion de suministro nuevo V9.pdf,25,387,67,1024,1.0,32
CVI-IN-001 Instructivo de Instalacion de suministro nuevo V9.pdf,26,195,33,1024,1.0,16
CVI-IN-001 Instructivo de Instalacion de suministro nuevo V9.pdf,27,132,17,1024,1.0,10
CVI-IN-001 Instructivo de Instalacion de suministro nuevo V9.pdf,28,199,37,1024,1.0,24
CVI-IN-001 Instructivo de Instalacion de suministro nuevo V9.pdf,29,84,17,1024,1.0,15
CVI-IN-001 Instructivo de Instalacion de suministro nuevo V9.pdf,30,2455,360,1024,1.0,52
CVI-IN-001 Instructivo de Instalacion de suministro nuevo V9.pdf,31,85,17,1024,1.0,14
CVI-IN-001 Instructivo de Instalacion de suministro nuevo V9.pdf,32,107,17,1024,1.0,9
CVI-IN-001 Instructivo de Instalacion de suministro nuevo V9.pdf,33,157,23,1024,1.0,9
CVI-IN-003 Supervisión de la Ejecución de Instalación de Suministros Nuevos.pdf,0,354,56,1024,1.0,26
CVI-IN-003 Supervisión de la Ejecución de Instalación de Suministros Nuevos.pdf,1,439,63,1024,1.0,24
CVI-IN-003 Supervisión de la Ejecución de Instalación de Suministros Nuevos.pdf,2,148,24,1024,1.0,12
CVI-IN-003 Supervisión de la Ejecución de Instalación de Suministros Nuevos.pdf,3,387,63,1024,1.0,25
CVI-IN-003 Supervisión de la Ejecución de Instalación de Suministros Nuevos.pdf,4,170,25,1024,1.0,17
CVI-IN-003 Supervisión de la Ejecución de Instalación de Suministros Nuevos.pdf,5,286,48,1024,1.0,23
CVI-IN-003 Supervisión de la Ejecución de Instalación de Suministros Nuevos.pdf,6,1325,213,1024,1.0,87
CVI-IN-003 Supervisión de la Ejecución de Instalación de Suministros Nuevos.pdf,7,1278,218,1024,1.0,78
CVI-IN-004 Supervisión de Contrastación de Medidores.pdf,0,85,16,1024,1.0,14
CVI-IN-004 Supervisión de Contrastación de Medidores.pdf,1,35,6,1024,1.0,3
CVI-IN-004 Supervisión de Contrastación de Medidores.pdf,2,89,13,1024,1.0,6
CVI-IN-004 Supervisión de Contrastación de Medidores.pdf,3,10,2,1024,1.0,1
CVI-IN-004 Supervisión de Contrastación de Medidores.pdf,4,537,73,1024,1.0,34
CVI-IN-004 Supervisión de Contrastación de Medidores.pdf,5,315,50,1024,1.0,22
CVI-IN-004 Supervisión de Contrastación de Medidores.pdf,6,1126,182,1024,1.0,61
CVI-IN-004 Supervisión de Contrastación de Medidores.pdf,7,415,67,1024,1.0,43
CVI-IN-005 Mantenimiento y Verificación de Equipos de Medición.pdf,0,349,55,1024,1.0,25
CVI-IN-005 Mantenimiento y Verificación de Equipos de Medición.pdf,1,504,69,1024,1.0,24
CVI-IN-005 Mantenimiento y Verificación de Equipos de Medición.pdf,2,860,125,1024,1.0,51
CVI-IN-005 Mantenimiento y Verificación de Equipos de Medición.pdf,3,2087,310,1024,1.0,111
CVI-IN-005 Mantenimiento y Verificación de Equipos de Medición.pdf,4,209,35,1024,1.0,24
CVI-IN-005 Mantenimiento y Verificación de Equipos de Medición.pdf,5,351,54,1024,1.0,24
CVI-IN-005 Mantenimiento y Verificación de Equipos de Medición.pdf,6,78,14,1024,1.0,9
CVI-IN-005 Mantenimiento y Verificación de Equipos de Medición.pdf,7,1936,279,1024,1.0,84
CVI-IN-005 Mantenimiento y Verificación de Equipos de Medición.pdf,8,496,86,1024,1.0,39
CVI-IN-005 Mantenimiento y Verificación de Equipos de Medición.pdf,9,1407,206,1024,1.0,77
CVI-IN-005 Mantenimiento y Verificación de Equipos de Medición.pdf,10,959,140,1024,1.0,59
CVI-IN-005 Mantenimiento y Verificación de Equipos de Medición.pdf,11,196,26,1024,1.0,14
CVI-IN-005 Mantenimiento y Verificación de Equipos de Medición.pdf,12,390,56,1024,1.0,24
CVI-IN-005 Mantenimiento y Verificación de Equipos de Medición.pdf,13,708,102,1024,1.0,47
CVI-IN-005 Mantenimiento y Verificación de Equipos de Medición.pdf,14,206,35,1024,1.0,17
CVI-IN-005 Mantenimiento y Verificación de Equipos de Medición.pdf,15,239,37,1024,1.0,14
CVI-IN-005 Mantenimiento y Verificación de Equipos de Medición.pdf,16,174,26,1024,1.0,15
CVI-IN-005 Mantenimiento y Verificación de Equipos de Medición.pdf,17,79,13,1024,1.0,7
CVI-IN-005 Mantenimiento y Verificación de Equipos de Medición.pdf,18,99,17,1024,1.0,11
CVI-IN-005 Mantenimiento y Verificación de Equipos de Medición.pdf,19,912,152,1024,1.0,51
CVI-IN-005 Mantenimiento y Verificación de Equipos de Medición.pdf,20,248,41,1024,1.0,17
CVI-IN-005 Mantenimiento y Verificación de Equipos de Medición.pdf,21,1180,176,1024,1.0,51
CVI-IN-005 Mantenimiento y Verificación de Equipos de Medición.pdf,22,110,20,1024,1.0,11
CVI-IN-005 Mantenimiento y Verificación de Equipos de Medición.pdf,23,1274,210,1024,1.0,67
CVI-IN-005 Mantenimiento y Verificación de Equipos de Medición.pdf,24,832,147,1024,1.0,36
CVI-IN-005 Mantenimiento y Verificación de Equipos de Medición.pdf,25,415,63,1024,1.0,28
CVI-IN-005 Mantenimiento y Verificación de Equipos de Medición.pdf,26,191,29,1024,1.0,15
CVI-IN-005 Mantenimiento y Verificación de Equipos de Medición.pdf,27,863,143,1024,1.0,52
CVI-IN-005 Mantenimiento y Verificación de Equipos de Medición.pdf,28,130,23,1024,1.0,20
CVI-IN-005 Mantenimiento y Verificación de Equipos de Medición.pdf,29,2155,335,1024,1.0,44
CVI-IN-005 Mantenimiento y Verificación de Equipos de Medición.pdf,30,82,13,1024,1.0,7
CVI-IN-005 Mantenimiento y Verificación de Equipos de Medición.pdf,31,29,3,1024,1.0,3
CVI-IN-005 Mantenimiento y Verificación de Equipos de Medición.pdf,32,164,19,1024,1.0,19
CVI-IN-005 Mantenimiento y Verificación de Equipos de Medición.pdf,33,68,10,1024,1.0,7
CVI-IN-005 Mantenimiento y Verificación de Equipos de Medición.pdf,34,1518,203,1024,1.0,60
CVI-IN-005 Mantenimiento y Verificación de Equipos de Medición.pdf,35,69,10,1024,1.0,6
CVI-IN-005 Mantenimiento y Verificación de Equipos de Medición.pdf,36,1096,148,1024,1.0,52
CVI-IN-005 Mantenimiento y Verificación de Equipos de Medición.pdf,37,247,42,1024,1.0,29
CVI-IN-005 Mantenimiento y Verificación de Equipos de Medición.pdf,38,107,14,1024,1.0,8
CVI-IN-005 Mantenimiento y Verificación de Equipos de Medición.pdf,39,357,51,1024,1.0,25
CVI-IN-005 Mantenimiento y Verificación de Equipos de Medición.pdf,40,104,13,1024,1.0,7
CVI-IN-005 Mantenimiento y Verificación de Equipos de Medición.pdf,41,67,13,1024,1.0,5
CVI-IN-005 Mantenimiento y Verificación de Equipos de Medición.pdf,42,196,32,1024,1.0,21
CVI-IN-005 Mantenimiento y Verificación de Equipos de Medición.pdf,43,570,81,1024,1.0,29
CVI-IN-005 Mantenimiento y Verificación de Equipos de Medición.pdf,44,85,17,1024,1.0,14
CVI-IN-006 Reinstalación de suministro.pdf,0,4850,754,1024,1.0,246
CVI-IN-006 Reinstalación de suministro.pdf,1,56,11,1024,1.0,6
CVI-IN-006 Reinstalación de suministro.pdf,2,811,139,1024,1.0,48
CVI-IN-006 Reinstalación de suministro.pdf,3,32,6,1024,1.0,3
CVI-IN-006 Reinstalación de suministro.pdf,4,821,139,1024,1.0,64
CVI-IN-006 Reinstalación de suministro.pdf,5,288,48,1024,1.0,25
CVI-IN-006 Reinstalación de suministro.pdf,6,691,124,1024,1.0,53
CVI-IN-006 Reinstalación de suministro.pdf,7,352,56,1024,1.0,26
CVI-IN-006 Reinstalación de suministro.pdf,8,29,4,1024,1.0,5
CVI-IN-006 Reinstalación de suministro.pdf,9,148,28,1024,1.0,12
CVI-IN-006 Reinstalación de suministro.pdf,10,329,50,1024,1.0,26
CVI-IN-006 Reinstalación de suministro.pdf,11,1065,179,1024,1.0,87
CVI-IN-006 Reinstalación de suministro.pdf,12,132,17,1024,1.0,10
CVI-IN-006 Reinstalación de suministro.pdf,13,228,38,1024,1.0,29
CVI-IN-006 Reinstalación de suministro.pdf,14,13,3,1024,1.0,3
CVI-IN-006 Reinstalación de suministro.pdf,15,1590,216,1024,1.0,32
CVI-IN-006 Reinstalación de suministro.pdf,16,86,15,1024,1.0,17
CVI-IN-006 Reinstalación de suministro.pdf,17,152,23,1024,1.0,13
CVI-IN-007 Archivamiento de expedientes de Instalación de Suministros Nuevos en tarifa BT5 y BT6.pdf,0,366,57,1024,1.0,29
CVI-IN-007 Archivamiento de expedientes de Instalación de Suministros Nuevos en tarifa BT5 y BT6.pdf,1,439,63,1024,1.0,24
CVI-IN-007 Archivamiento de expedientes de Instalación de Suministros Nuevos en tarifa BT5 y BT6.pdf,2,111,15,1024,1.0,8
CVI-IN-007 Archivamiento de expedientes de Instalación de Suministros Nuevos en tarifa BT5 y BT6.pdf,3,377,60,1024,1.0,26
CVI-IN-007 Archivamiento de expedientes de Instalación de Suministros Nuevos en tarifa BT5 y BT6.pdf,4,182,26,1024,1.0,13
CVI-IN-007 Archivamiento de expedientes de Instalación de Suministros Nuevos en tarifa BT5 y BT6.pdf,5,443,66,1024,1.0,30
CVI-IN-007 Archivamiento de expedientes de Instalación de Suministros Nuevos en tarifa BT5 y BT6.pdf,6,67,9,1024,1.0,6
CVI-IN-007 Archivamiento de expedientes de Instalación de Suministros Nuevos en tarifa BT5 y BT6.pdf,7,177,36,1024,1.0,17
CVI-IN-007 Archivamiento de expedientes de Instalación de Suministros Nuevos en tarifa BT5 y BT6.pdf,8,5029,769,1024,1.0,161
CVI-PR-001 Instalación de suministro Nuevo.pdf,0,84,17,1024,1.0,15
CVI-PR-001 Instalación de suministro Nuevo.pdf,1,172,29,1024,1.0,13
CVI-PR-001 Instalación de suministro Nuevo.pdf,2,532,81,1024,1.0,34
CVI-PR-001 Instalación de suministro Nuevo.pdf,3,2436,337,1024,1.0,53
CVI-PR-001 Instalación de suministro Nuevo.pdf,4,374,55,1024,1.0,24
CVI-PR-001 Instalación de suministro Nuevo.pdf,5,76,11,1024,1.0,8
CVI-PR-001 Instalación de suministro Nuevo.pdf,6,2762,430,1024,1.0,151
CVI-PR-001 Instalación de suministro Nuevo.pdf,7,638,106,1024,1.0,55
CVI-PR-001 Instalación de suministro Nuevo.pdf,8,2048,308,1024,1.0,150
CVI-PR-001 Instalación de suministro Nuevo.pdf,9,599,94,1024,1.0,45
CVI-PR-001 Instalación de suministro Nuevo.pdf,10,143,21,1024,1.0,10
CVI-PR-001 Instalación de suministro Nuevo.pdf,11,136,25,1024,1.0,16
CVI-PR-001 Instalación de suministro Nuevo.pdf,12,283,45,1024,1.0,22
CVI-PR-001 Instalación de suministro Nuevo.pdf,13,1096,196,1024,1.0,55
CVI-PR-001 Instalación de suministro Nuevo.pdf,14,696,114,1024,1.0,36
CVI-PR-001 Instalación de suministro Nuevo.pdf,15,84,17,1024,1.0,15
CVI-PR-001 Instalación de suministro Nuevo.pdf,16,131,21,1024,1.0,10
CVI-PR-001 Instalación de suministro Nuevo.pdf,17,1018,164,1024,1.0,34
CVI-PR-001 Instalación de suministro Nuevo.pdf,18,617,99,1024,1.0,29
CVI-PR-001 Instalación de suministro Nuevo.pdf,19,788,114,1024,1.0,65
CVI-PR-001 Instalación de suministro Nuevo.pdf,20,124,22,1024,1.0,19
CVI-PR-001 Instalación de suministro Nuevo.pdf,21,117,23,1024,1.0,20
CVI-PR-001 Instalación de suministro Nuevo.pdf,22,237,44,1024,1.0,21
CVI-PR-001 Instalación de suministro Nuevo.pdf,23,2747,399,1024,1.0,74
CVI-PR-001 Instalación de suministro Nuevo.pdf,24,3872,578,1024,1.0,87
CVI-PR-001 Instalación de suministro Nuevo.pdf,25,4862,804,1024,1.0,78
CVI-PR-001 Instalación de suministro Nuevo.pdf,26,4465,723,1024,1.0,64
CVI-PR-001 Instalación de suministro Nuevo.pdf,27,85,17,1024,1.0,15
CVI-PR-001 Instalación de suministro Nuevo.pdf,28,5346,794,1024,1.0,97
CVI-PR-001 Instalación de suministro Nuevo.pdf,29,4673,780,1024,1.0,61
CVI-PR-001 Instalación de suministro Nuevo.pdf,30,5530,960,1024,1.0,65
CVI-PR-001 Instalación de suministro Nuevo.pdf,31,5210,884,1024,1.0,72
CVI-PR-001 Instalación de suministro Nuevo.pdf,32,4497,788,1024,1.0,67
CVI-PR-001 Instalación de suministro Nuevo.pdf,33,4735,855,1024,1.0,77
CVI-PR-001 Instalación de suministro Nuevo.pdf,34,3768,612,1024,1.0,62
CVI-PR-002 Servicios Complementarios - NORMALIZACIÓN DE SUMINISTRO (A SOLICITUD DEL CLIENTE).pdf,0,456,71,1024,1.0,31
CVI-PR-002 Servicios Complementarios - NORMALIZACIÓN DE SUMINISTRO (A SOLICITUD DEL CLIENTE).pdf,1,515,89,1024,1.0,34
CVI-PR-002 Servicios Complementarios - NORMALIZACIÓN DE SUMINISTRO (A SOLICITUD DEL CLIENTE).pdf,2,2078,329,1024,1.0,72
CVI-PR-002 Servicios Complementarios - NORMALIZACIÓN DE SUMINISTRO (A SOLICITUD DEL CLIENTE).pdf,3,93,12,1024,1.0,7
CVI-PR-002 Servicios Complementarios - NORMALIZACIÓN DE SUMINISTRO (A SOLICITUD DEL CLIENTE).pdf,4,975,145,1024,1.0,59
CVI-PR-002 Servicios Complementarios - NORMALIZACIÓN DE SUMINISTRO (A SOLICITUD DEL CLIENTE).pdf,5,1800,270,1024,1.0,140
CVI-PR-002 Servicios Complementarios - NORMALIZACIÓN DE SUMINISTRO (A SOLICITUD DEL CLIENTE).pdf,6,292,48,1024,1.0,22
CVI-PR-002 Servicios Complementarios - NORMALIZACIÓN DE SUMINISTRO (A SOLICITUD DEL CLIENTE).pdf,7,78,14,1024,1.0,9
CVI-PR-002 Servicios Complementarios - NORMALIZACIÓN DE SUMINISTRO (A SOLICITUD DEL CLIENTE).pdf,8,219,32,1024,1.0,17
CVI-PR-002 Servicios Complementarios - NORMALIZACIÓN DE SUMINISTRO (A SOLICITUD DEL CLIENTE).pdf,9,1100,198,1024,1.0,57
CVI-PR-002 Servicios Complementarios - NORMALIZACIÓN DE SUMINISTRO (A SOLICITUD DEL CLIENTE).pdf,10,1094,177,1024,1.0,58
CVI-PR-002 Servicios Complementarios - NORMALIZACIÓN DE SUMINISTRO (A SOLICITUD DEL CLIENTE).pdf,11,296,49,1024,1.0,37
CVI-PR-002 Servicios Complementarios - NORMALIZACIÓN DE SUMINISTRO (A SOLICITUD DEL CLIENTE).pdf,12,5100,845,1024,1.0,116
CVI-PR-002 Servicios Complementarios - NORMALIZACIÓN DE SUMINISTRO (A SOLICITUD DEL CLIENTE).pdf,13,5628,980,1024,1.0,90
CVI-PR-002 Servicios Complementarios - NORMALIZACIÓN DE SUMINISTRO (A SOLICITUD DEL CLIENTE).pdf,14,3005,491,1024,1.0,54
CVI-PR-003 Cambio de Medidor.pdf,0,317,57,1024,1.0,29
CVI-PR-003 Cambio de Medidor.pdf,1,541,91,1024,1.0,35
CVI-PR-003 Cambio de Medidor.pdf,2,1904,265,1024,1.0,52
CVI-PR-003 Cambio de Medidor.pdf,3,133,22,1024,1.0,12
CVI-PR-003 Cambio de Medidor.pdf,4,1164,189,1024,1.0,63
CVI-PR-003 Cambio de Medidor.pdf,5,654,93,1024,1.0,52
CVI-PR-003 Cambio de Medidor.pdf,6,358,57,1024,1.0,26
CVI-PR-003 Cambio de Medidor.pdf,7,93,17,1024,1.0,11
CVI-PR-003 Cambio de Medidor.pdf,8,139,24,1024,1.0,19
CVI-PR-003 Cambio de Medidor.pdf,9,348,57,1024,1.0,39
CVI-PR-003 Cambio de Medidor.pdf,10,145,32,1024,1.0,13
CVI-PR-003 Cambio de Medidor.pdf,11,4624,753,1024,1.0,57
CVI-PR-003 Cambio de Medidor.pdf,12,72,16,1024,1.0,12
CVI-PR-003 Cambio de Medidor.pdf,13,5157,765,1024,1.0,74
CVI-PR-003 Cambio de Medidor.pdf,14,5284,881,1024,1.0,58
CVI-PR-004 Corte Definitivo del Suministro a Solicitud del Cliente v11.pdf,0,393,67,1024,1.0,32
CVI-PR-004 Corte Definitivo del Suministro a Solicitud del Cliente v11.pdf,1,531,81,1024,1.0,34
CVI-PR-004 Corte Definitivo del Suministro a Solicitud del Cliente v11.pdf,2,1783,275,1024,1.0,71
CVI-PR-004 Corte Definitivo del Suministro a Solicitud del Cliente v11.pdf,3,188,27,1024,1.0,14
CVI-PR-004 Corte Definitivo del Suministro a Solicitud del Cliente v11.pdf,4,422,64,1024,1.0,30
CVI-PR-004 Corte Definitivo del Suministro a Solicitud del Cliente v11.pdf,5,546,80,1024,1.0,45
CVI-PR-004 Corte Definitivo del Suministro a Solicitud del Cliente v11.pdf,6,432,69,1024,1.0,30
CVI-PR-004 Corte Definitivo del Suministro a Solicitud del Cliente v11.pdf,7,93,17,1024,1.0,11
CVI-PR-004 Corte Definitivo del Suministro a Solicitud del Cliente v11.pdf,8,219,32,1024,1.0,17
CVI-PR-004 Corte Definitivo del Suministro a Solicitud del Cliente v11.pdf,9,431,83,1024,1.0,29
CVI-PR-004 Corte Definitivo del Suministro a Solicitud del Cliente v11.pdf,10,835,149,1024,1.0,50
CVI-PR-004 Corte Definitivo del Suministro a Solicitud del Cliente v11.pdf,11,698,115,1024,1.0,37
CVI-PR-004 Corte Definitivo del Suministro a Solicitud del Cliente v11.pdf,12,270,45,1024,1.0,34
CVI-PR-004 Corte Definitivo del Suministro a Solicitud del Cliente v11.pdf,13,83,17,1024,1.0,15
CVI-PR-004 Corte Definitivo del Suministro a Solicitud del Cliente v11.pdf,14,3343,532,1024,1.0,82
CVI-PR-004 Corte Definitivo del Suministro a Solicitud del Cliente v11.pdf,15,4382,794,1024,1.0,98
CVI-PR-004 Corte Definitivo del Suministro a Solicitud del Cliente v11.pdf,16,4651,843,1024,1.0,71
CVI-PR-004 Corte Definitivo del Suministro a Solicitud del Cliente v11.pdf,17,4289,698,1024,1.0,128
CVI-PR-006 Cambio de tarifa v6.pdf,0,315,57,1024,1.0,29
CVI-PR-006 Cambio de tarifa v6.pdf,1,538,83,1024,1.0,35
CVI-PR-006 Cambio de tarifa v6.pdf,2,1437,221,1024,1.0,54
CVI-PR-006 Cambio de tarifa v6.pdf,3,100,16,1024,1.0,10
CVI-PR-006 Cambio de tarifa v6.pdf,4,325,48,1024,1.0,30
CVI-PR-006 Cambio de tarifa v6.pdf,5,403,64,1024,1.0,41
CVI-PR-006 Cambio de tarifa v6.pdf,6,297,49,1024,1.0,22
CVI-PR-006 Cambio de tarifa v6.pdf,7,171,31,1024,1.0,17
CVI-PR-006 Cambio de tarifa v6.pdf,8,918,161,1024,1.0,55
CVI-PR-006 Cambio de tarifa v6.pdf,9,582,104,1024,1.0,42
CVI-PR-006 Cambio de tarifa v6.pdf,10,696,114,1024,1.0,36
CVI-PR-006 Cambio de tarifa v6.pdf,11,175,26,1024,1.0,18
CVI-PR-006 Cambio de tarifa v6.pdf,12,5009,743,1024,1.0,78
CVI-PR-006 Cambio de tarifa v6.pdf,13,5766,834,1024,1.0,87
CVI-PR-006 Cambio de tarifa v6.pdf,14,2211,327,1024,1.0,41
CVI-PR-009 Mantenimiento y Verificación de Equipos de Medición V13.pdf,0,76,16,1024,1.0,14
CVI-PR-009 Mantenimiento y Verificación de Equipos de Medición V13.pdf,1,177,31,1024,1.0,12
CVI-PR-009 Mantenimiento y Verificación de Equipos de Medición V13.pdf,2,550,81,1024,1.0,35
CVI-PR-009 Mantenimiento y Verificación de Equipos de Medición V13.pdf,3,1925,271,1024,1.0,50
CVI-PR-009 Mantenimiento y Verificación de Equipos de Medición V13.pdf,4,246,36,1024,1.0,18
CVI-PR-009 Mantenimiento y Verificación de Equipos de Medición V13.pdf,5,2531,385,1024,1.0,127
CVI-PR-009 Mantenimiento y Verificación de Equipos de Medición V13.pdf,6,425,65,1024,1.0,47
CVI-PR-009 Mantenimiento y Verificación de Equipos de Medición V13.pdf,7,796,123,1024,1.0,40
CVI-PR-009 Mantenimiento y Verificación de Equipos de Medición V13.pdf,8,136,25,1024,1.0,16
CVI-PR-009 Mantenimiento y Verificación de Equipos de Medición V13.pdf,9,73,10,1024,1.0,8
CVI-PR-009 Mantenimiento y Verificación de Equipos de Medición V13.pdf,10,565,91,1024,1.0,42
CVI-PR-009 Mantenimiento y Verificación de Equipos de Medición V13.pdf,11,83,17,1024,1.0,15
CVI-PR-009 Mantenimiento y Verificación de Equipos de Medición V13.pdf,12,7021,1069,1024,1.0,105
CVI-PR-009 Mantenimiento y Verificación de Equipos de Medición V13.pdf,13,6158,951,1024,1.0,82
CVI-PR-009 Mantenimiento y Verificación de Equipos de Medición V13.pdf,14,2067,328,1024,1.0,58
CVI-PR-012 Supervisión de Mantenimiento de Equipos de Medición.pdf,0,83,15,1024,1.0,14
CVI-PR-012 Supervisión de Mantenimiento de Equipos de Medición.pdf,1,61,11,1024,1.0,4
CVI-PR-012 Supervisión de Mantenimiento de Equipos de Medición.pdf,2,271,37,1024,1.0,19
CVI-PR-012 Supervisión de Mantenimiento de Equipos de Medición.pdf,3,655,94,1024,1.0,38
CVI-PR-012 Supervisión de Mantenimiento de Equipos de Medición.pdf,4,186,29,1024,1.0,14
CVI-PR-012 Supervisión de Mantenimiento de Equipos de Medición.pdf,5,761,118,1024,1.0,38
CVI-PR-012 Supervisión de Mantenimiento de Equipos de Medición.pdf,6,71,10,1024,1.0,6
CVI-PR-012 Supervisión de Mantenimiento de Equipos de Medición.pdf,7,233,37,1024,1.0,27
CVI-PR-012 Supervisión de Mantenimiento de Equipos de Medición.pdf,8,2422,389,1024,1.0,69
CVI-PR-013 Mantenimiento de Acometidas.pdf,0,337,57,1024,1.0,28
CVI-PR-013 Mantenimiento de Acometidas.pdf,1,405,60,1024,1.0,23
CVI-PR-013 Mantenimiento de Acometidas.pdf,2,458,68,1024,1.0,28
CVI-PR-013 Mantenimiento de Acometidas.pdf,3,979,153,1024,1.0,59
CVI-PR-013 Mantenimiento de Acometidas.pdf,4,1395,214,1024,1.0,101
CVI-PR-013 Mantenimiento de Acometidas.pdf,5,524,83,1024,1.0,40
CVI-PR-013 Mantenimiento de Acometidas.pdf,6,433,68,1024,1.0,36
CVI-PR-013 Mantenimiento de Acometidas.pdf,7,6427,988,1024,1.0,141
CVI-PR-013 Mantenimiento de Acometidas.pdf,8,6610,955,1024,1.0,123
CVI-PR-014 Reintegro de energía por reemplazo de medidor en lugar de contrastarlos.pdf,0,8,4,1024,1.0,2
CVI-PR-014 Reintegro de energía por reemplazo de medidor en lugar de contrastarlos.pdf,1,61,11,1024,1.0,4
CVI-PR-014 Reintegro de energía por reemplazo de medidor en lugar de contrastarlos.pdf,2,497,70,1024,1.0,35
CVI-PR-014 Reintegro de energía por reemplazo de medidor en lugar de contrastarlos.pdf,3,2479,378,1024,1.0,157
CVI-PR-014 Reintegro de energía por reemplazo de medidor en lugar de contrastarlos.pdf,4,736,110,1024,1.0,42
CVI-PR-014 Reintegro de energía por reemplazo de medidor en lugar de contrastarlos.pdf,5,1235,176,1024,1.0,76
CVI-PR-014 Reintegro de energía por reemplazo de medidor en lugar de contrastarlos.pdf,6,917,138,1024,1.0,42
CVI-PR-014 Reintegro de energía por reemplazo de medidor en lugar de contrastarlos.pdf,7,86,14,1024,1.0,7
CVI-PR-014 Reintegro de energía por reemplazo de medidor en lugar de contrastarlos.pdf,8,528,87,1024,1.0,35
CVI-PR-014 Reintegro de energía por reemplazo de medidor en lugar de contrastarlos.pdf,9,4958,761,1024,1.0,139
CVI-PR-015 Reinstalación de Suministro V4.pdf,0,69,15,1024,1.0,13
CVI-PR-015 Reinstalación de Suministro V4.pdf,1,172,29,1024,1.0,13
CVI-PR-015 Reinstalación de Suministro V4.pdf,2,535,82,1024,1.0,34
CVI-PR-015 Reinstalación de Suministro V4.pdf,3,826,120,1024,1.0,44
CVI-PR-015 Reinstalación de Suministro V4.pdf,4,352,52,1024,1.0,21
CVI-PR-015 Reinstalación de Suministro V4.pdf,5,76,11,1024,1.0,8
CVI-PR-015 Reinstalación de Suministro V4.pdf,6,1003,162,1024,1.0,61
CVI-PR-015 Reinstalación de Suministro V4.pdf,7,1697,262,1024,1.0,106
CVI-PR-015 Reinstalación de Suministro V4.pdf,8,372,58,1024,1.0,29
CVI-PR-015 Reinstalación de Suministro V4.pdf,9,1476,215,1024,1.0,110
CVI-PR-015 Reinstalación de Suministro V4.pdf,10,301,47,1024,1.0,22
CVI-PR-015 Reinstalación de Suministro V4.pdf,11,93,17,1024,1.0,11
CVI-PR-015 Reinstalación de Suministro V4.pdf,12,158,27,1024,1.0,23
CVI-PR-015 Reinstalación de Suministro V4.pdf,13,215,31,1024,1.0,16
CVI-PR-015 Reinstalación de Suministro V4.pdf,14,1096,196,1024,1.0,55
CVI-PR-015 Reinstalación de Suministro V4.pdf,15,696,114,1024,1.0,36
CVI-PR-015 Reinstalación de Suministro V4.pdf,16,875,135,1024,1.0,74
CVI-PR-015 Reinstalación de Suministro V4.pdf,17,84,17,1024,1.0,15
CVI-PR-015 Reinstalación de Suministro V4.pdf,18,4972,817,1024,1.0,75
CVI-PR-015 Reinstalación de Suministro V4.pdf,19,4717,757,1024,1.0,68
CVI-PR-015 Reinstalación de Suministro V4.pdf,20,6087,1010,1024,1.0,75
CVI-PR-015 Reinstalación de Suministro V4.pdf,21,4220,679,1024,1.0,68
CVI-PR-015 Reinstalación de Suministro V4.pdf,22,3468,564,1024,1.0,55
CM-PR-001 Determinación de la Satisfacción del Cliente.pdf,0,909,145,1024,1.0,46
CM-PR-001 Determinación de la Satisfacción del Cliente.pdf,1,3081,471,1024,1.0,151
CM-PR-001 Determinación de la Satisfacción del Cliente.pdf,2,4568,759,1024,1.0,85
CM-PR-001 Determinación de la Satisfacción del Cliente.pdf,3,3564,634,1024,1.0,80
CM-PR-002 Atencion de llamadas.pdf,0,68,15,1024,1.0,13
CM-PR-002 Atencion de llamadas.pdf,1,132,25,1024,1.0,9
CM-PR-002 Atencion de llamadas.pdf,2,378,55,1024,1.0,18
CM-PR-002 Atencion de llamadas.pdf,3,285,46,1024,1.0,20
CM-PR-002 Atencion de llamadas.pdf,4,3316,514,1024,1.0,167
CM-PR-002 Atencion de llamadas.pdf,5,292,51,1024,1.0,28
CM-PR-002 Atencion de llamadas.pdf,6,759,103,1024,1.0,52
CM-PR-002 Atencion de llamadas.pdf,7,772,130,1024,1.0,58
CM-PR-002 Atencion de llamadas.pdf,8,1175,180,1024,1.0,64
CM-PR-002 Atencion de llamadas.pdf,9,222,37,1024,1.0,17
CM-PR-002 Atencion de llamadas.pdf,10,158,25,1024,1.0,18
CM-PR-002 Atencion de llamadas.pdf,11,137,22,1024,1.0,12
CM-PR-002 Atencion de llamadas.pdf,12,355,57,1024,1.0,27
CM-PR-002 Atencion de llamadas.pdf,13,302,56,1024,1.0,23
CM-PR-002 Atencion de llamadas.pdf,14,841,138,1024,1.0,42
CM-PR-002 Atencion de llamadas.pdf,15,368,62,1024,1.0,39
CM-PR-002 Atencion de llamadas.pdf,16,66,10,1024,1.0,6
CM-PR-002 Atencion de llamadas.pdf,17,4155,614,1024,1.0,69
CM-PR-002 Atencion de llamadas.pdf,18,64,10,1024,1.0,8
CM-PR-002 Atencion de llamadas.pdf,19,83,17,1024,1.0,15
CM-PR-002 Atencion de llamadas.pdf,20,120,18,1024,1.0,10
CM-PR-002 Atencion de llamadas.pdf,21,1010,172,1024,1.0,44
CM-PR-002 Atencion de llamadas.pdf,22,436,72,1024,1.0,41
CM-PR-002 Atencion de llamadas.pdf,23,1637,262,1024,1.0,85
CM-PR-002 Atencion de llamadas.pdf,24,294,54,1024,1.0,19
CM-PR-002 Atencion de llamadas.pdf,25,228,41,1024,1.0,28
CM-PR-002 Atencion de llamadas.pdf,26,2842,495,1024,1.0,130
CM-PR-002 Atencion de llamadas.pdf,27,547,83,1024,1.0,39
CM-PR-002 Atencion de llamadas.pdf,28,312,57,1024,1.0,21
CM-PR-002 Atencion de llamadas.pdf,29,405,74,1024,1.0,31
CM-PR-002 Atencion de llamadas.pdf,30,191,32,1024,1.0,15
CM-PR-002 Atencion de llamadas.pdf,31,167,29,1024,1.0,13
CM-PR-002 Atencion de llamadas.pdf,32,238,41,1024,1.0,29
CM-PR-002 Atencion de llamadas.pdf,33,84,17,1024,1.0,15
CM-PR-002 Atencion de llamadas.pdf,34,73,16,1024,1.0,11
CM-PR-002 Atencion de llamadas.pdf,35,3684,560,1024,1.0,76
CM-PR-003 Atencion en medios virtuales y redes sociales.pdf,0,82,17,1024,1.0,15
CM-PR-003 Atencion en medios virtuales y redes sociales.pdf,1,132,25,1024,1.0,9
CM-PR-003 Atencion en medios virtuales y redes sociales.pdf,2,380,56,1024,1.0,21
CM-PR-003 Atencion en medios virtuales y redes sociales.pdf,3,294,46,1024,1.0,22
CM-PR-003 Atencion en medios virtuales y redes sociales.pdf,4,3981,620,1024,1.0,217
CM-PR-003 Atencion en medios virtuales y redes sociales.pdf,5,277,42,1024,1.0,24
CM-PR-003 Atencion en medios virtuales y redes sociales.pdf,6,657,91,1024,1.0,48
CM-PR-003 Atencion en medios virtuales y redes sociales.pdf,7,769,130,1024,1.0,57
CM-PR-003 Atencion en medios virtuales y redes sociales.pdf,8,1135,180,1024,1.0,64
CM-PR-003 Atencion en medios virtuales y redes sociales.pdf,9,507,70,1024,1.0,38
CM-PR-003 Atencion en medios virtuales y redes sociales.pdf,10,367,62,1024,1.0,20
CM-PR-003 Atencion en medios virtuales y redes sociales.pdf,11,260,41,1024,1.0,21
CM-PR-003 Atencion en medios virtuales y redes sociales.pdf,12,248,43,1024,1.0,18
CM-PR-003 Atencion en medios virtuales y redes sociales.pdf,13,771,131,1024,1.0,49
CM-PR-003 Atencion en medios virtuales y redes sociales.pdf,14,333,57,1024,1.0,26
CM-PR-003 Atencion en medios virtuales y redes sociales.pdf,15,9,1,1024,1.0,1
CM-PR-003 Atencion en medios virtuales y redes sociales.pdf,16,190,25,1024,1.0,16
CM-PR-003 Atencion en medios virtuales y redes sociales.pdf,17,82,17,1024,1.0,15
CM-PR-003 Atencion en medios virtuales y redes sociales.pdf,18,82,17,1024,1.0,15
CM-PR-003 Atencion en medios virtuales y redes sociales.pdf,19,56,7,1024,1.0,4
CM-PR-003 Atencion en medios virtuales y redes sociales.pdf,20,165,34,1024,1.0,15
CM-PR-004 Supervisión de atención de contact center.pdf,0,82,17,1024,1.0,15
CM-PR-004 Supervisión de atención de contact center.pdf,1,132,25,1024,1.0,9
CM-PR-004 Supervisión de atención de contact center.pdf,2,444,65,1024,1.0,25
CM-PR-004 Supervisión de atención de contact center.pdf,3,282,42,1024,1.0,20
CM-PR-004 Supervisión de atención de contact center.pdf,4,3316,514,1024,1.0,167
CM-PR-004 Supervisión de atención de contact center.pdf,5,283,50,1024,1.0,28
CM-PR-004 Supervisión de atención de contact center.pdf,6,759,103,1024,1.0,52
CM-PR-004 Supervisión de atención de contact center.pdf,7,771,130,1024,1.0,57
CM-PR-004 Supervisión de atención de contact center.pdf,8,905,142,1024,1.0,52
CM-PR-004 Supervisión de atención de contact center.pdf,9,383,63,1024,1.0,28
CM-PR-004 Supervisión de atención de contact center.pdf,10,75,16,1024,1.0,14
CM-PR-004 Supervisión de atención de contact center.pdf,11,1538,239,1024,1.0,95
CM-PR-004 Supervisión de atención de contact center.pdf,12,637,99,1024,1.0,50
CM-PR-004 Supervisión de atención de contact center.pdf,13,71,16,1024,1.0,11
CM-PR-004 Supervisión de atención de contact center.pdf,14,4039,594,1024,1.0,75
CM-RE-001 Control de Calidad de Atención de llamadas ingresadas por el Contact Center.pdf,0,258,45,1024,1.0,20
CM-RE-001 Control de Calidad de Atención de llamadas ingresadas por el Contact Center.pdf,1,5534,1139,1024,1.0,36
CM-RE-001 Control de Calidad de Atención de llamadas ingresadas por el Contact Center.pdf,2,638,139,1024,1.0,44
CMA-PR-001 Alquiler de Infraestructura Eléctrica.pdf,0,324,56,1024,1.0,33
CMA-PR-001 Alquiler de Infraestructura Eléctrica.pdf,1,618,85,1024,1.0,30
CMA-PR-001 Alquiler de Infraestructura Eléctrica.pdf,2,580,84,1024,1.0,38
CMA-PR-001 Alquiler de Infraestructura Eléctrica.pdf,3,3235,487,1024,1.0,158
CMA-PR-001 Alquiler de Infraestructura Eléctrica.pdf,4,821,121,1024,1.0,57
CMA-PR-001 Alquiler de Infraestructura Eléctrica.pdf,5,1636,243,1024,1.0,83
CMA-PR-001 Alquiler de Infraestructura Eléctrica.pdf,6,786,125,1024,1.0,39
CMA-PR-001 Alquiler de Infraestructura Eléctrica.pdf,7,944,143,1024,1.0,34
CMA-PR-001 Alquiler de Infraestructura Eléctrica.pdf,8,92,17,1024,1.0,11
CMA-PR-001 Alquiler de Infraestructura Eléctrica.pdf,9,668,93,1024,1.0,29
CMA-PR-001 Alquiler de Infraestructura Eléctrica.pdf,10,1104,140,1024,1.0,48
CMA-PR-001 Alquiler de Infraestructura Eléctrica.pdf,11,84,17,1024,1.0,15
CMA-PR-001 Alquiler de Infraestructura Eléctrica.pdf,12,4807,663,1024,1.0,85
CMA-PR-001 Alquiler de Infraestructura Eléctrica.pdf,13,84,17,1024,1.0,15
CMA-PR-001 Alquiler de Infraestructura Eléctrica.pdf,14,4997,690,1024,1.0,83
CMA-PR-001 Alquiler de Infraestructura Eléctrica.pdf,15,85,17,1024,1.0,15
CMA-PR-001 Alquiler de Infraestructura Eléctrica.pdf,16,6988,1002,1024,1.0,90
CMA-PR-001 Alquiler de Infraestructura Eléctrica.pdf,17,153,27,1024,1.0,21
CMA-PR-001 Alquiler de Infraestructura Eléctrica.pdf,18,85,17,1024,1.0,15
CMA-PR-001 Alquiler de Infraestructura Eléctrica.pdf,19,2768,416,1024,1.0,67
CMA-PR-001 Alquiler de Infraestructura Eléctrica.pdf,20,85,17,1024,1.0,14
CMA-PR-001 Alquiler de Infraestructura Eléctrica.pdf,21,3812,560,1024,1.0,51
"CVPC - PR-001 VERIFICACION DE SUMINISTROS, CON CONSUMOS IRREGULARES.pdf",0,77,16,1024,1.0,13
"CVPC - PR-001 VERIFICACION DE SUMINISTROS, CON CONSUMOS IRREGULARES.pdf",1,160,30,1024,1.0,12
"CVPC - PR-001 VERIFICACION DE SUMINISTROS, CON CONSUMOS IRREGULARES.pdf",2,550,82,1024,1.0,34
"CVPC - PR-001 VERIFICACION DE SUMINISTROS, CON CONSUMOS IRREGULARES.pdf",3,462,66,1024,1.0,23
"CVPC - PR-001 VERIFICACION DE SUMINISTROS, CON CONSUMOS IRREGULARES.pdf",4,143,19,1024,1.0,11
"CVPC - PR-001 VERIFICACION DE SUMINISTROS, CON CONSUMOS IRREGULARES.pdf",5,2185,343,1024,1.0,103
"CVPC - PR-001 VERIFICACION DE SUMINISTROS, CON CONSUMOS IRREGULARES.pdf",6,204,36,1024,1.0,20
"CVPC - PR-001 VERIFICACION DE SUMINISTROS, CON CONSUMOS IRREGULARES.pdf",7,695,111,1024,1.0,64
"CVPC - PR-001 VERIFICACION DE SUMINISTROS, CON CONSUMOS IRREGULARES.pdf",8,243,38,1024,1.0,18
"CVPC - PR-001 VERIFICACION DE SUMINISTROS, CON CONSUMOS IRREGULARES.pdf",9,101,20,1024,1.0,13
"CVPC - PR-001 VERIFICACION DE SUMINISTROS, CON CONSUMOS IRREGULARES.pdf",10,73,10,1024,1.0,8
"CVPC - PR-001 VERIFICACION DE SUMINISTROS, CON CONSUMOS IRREGULARES.pdf",11,466,72,1024,1.0,46
"CVPC - PR-001 VERIFICACION DE SUMINISTROS, CON CONSUMOS IRREGULARES.pdf",12,3460,582,1024,1.0,82
"CVPC - PR-001 VERIFICACION DE SUMINISTROS, CON CONSUMOS IRREGULARES.pdf",13,6427,1073,1024,1.0,112
"CVPC - PR-001 VERIFICACION DE SUMINISTROS, CON CONSUMOS IRREGULARES.pdf",14,2036,316,1024,1.0,86
"CVPC-IN-001 Ejecución de la Verificación de Suministros, con Consumos Irregulares. (1).pdf",0,70,15,1024,1.0,13
"CVPC-IN-001 Ejecución de la Verificación de Suministros, con Consumos Irregulares. (1).pdf",1,126,23,1024,1.0,10
"CVPC-IN-001 Ejecución de la Verificación de Suministros, con Consumos Irregulares. (1).pdf",2,543,81,1024,1.0,34
"CVPC-IN-001 Ejecución de la Verificación de Suministros, con Consumos Irregulares. (1).pdf",3,462,66,1024,1.0,23
"CVPC-IN-001 Ejecución de la Verificación de Suministros, con Consumos Irregulares. (1).pdf",4,180,25,1024,1.0,13
"CVPC-IN-001 Ejecución de la Verificación de Suministros, con Consumos Irregulares. (1).pdf",5,2175,344,1024,1.0,102
"CVPC-IN-001 Ejecución de la Verificación de Suministros, con Consumos Irregulares. (1).pdf",6,997,162,1024,1.0,84
"CVPC-IN-001 Ejecución de la Verificación de Suministros, con Consumos Irregulares. (1).pdf",7,239,38,1024,1.0,18
"CVPC-IN-001 Ejecución de la Verificación de Suministros, con Consumos Irregulares. (1).pdf",8,103,20,1024,1.0,13
"CVPC-IN-001 Ejecución de la Verificación de Suministros, con Consumos Irregulares. (1).pdf",9,147,21,1024,1.0,12
"CVPC-IN-001 Ejecución de la Verificación de Suministros, con Consumos Irregulares. (1).pdf",10,425,61,1024,1.0,36
"CVPC-IN-001 Ejecución de la Verificación de Suministros, con Consumos Irregulares. (1).pdf",11,6549,1070,1024,1.0,105
"CVPC-IN-001 Ejecución de la Verificación de Suministros, con Consumos Irregulares. (1).pdf",12,5632,912,1024,1.0,95
"CVPC-IN-001 Ejecución de la Verificación de Suministros, con Consumos Irregulares. (1).pdf",13,3564,592,1024,1.0,112
"CVPC-IN-001 Ejecución de la Verificación de Suministros, con Consumos Irregulares. (1).pdf",14,5629,951,1024,1.0,126
"CVPC-IN-001 Ejecución de la Verificación de Suministros, con Consumos Irregulares. (1).pdf",15,5451,916,1024,1.0,99
"CVPC-IN-001 Ejecución de la Verificación de Suministros, con Consumos Irregulares. (1).pdf",16,6000,1003,1024,1.0,119
CVPC-IN-002 Análisis de información de Clientes.pdf,0,352,56,1024,1.0,30
CVPC-IN-002 Análisis de información de Clientes.pdf,1,398,60,1024,1.0,20
CVPC-IN-002 Análisis de información de Clientes.pdf,2,153,25,1024,1.0,10
CVPC-IN-002 Análisis de información de Clientes.pdf,3,509,80,1024,1.0,35
CVPC-IN-002 Análisis de información de Clientes.pdf,4,707,109,1024,1.0,63
CVPC-IN-002 Análisis de información de Clientes.pdf,5,251,38,1024,1.0,18
CVPC-IN-002 Análisis de información de Clientes.pdf,6,119,21,1024,1.0,13
CVPC-IN-002 Análisis de información de Clientes.pdf,7,181,29,1024,1.0,14
CVPC-IN-002 Análisis de información de Clientes.pdf,8,212,41,1024,1.0,23
CVPC-IN-002 Análisis de información de Clientes.pdf,9,84,17,1024,1.0,15
CVPC-IN-002 Análisis de información de Clientes.pdf,10,2531,385,1024,1.0,77
CVPC-IN-002 Análisis de información de Clientes.pdf,11,5946,832,1024,1.0,98
CVPC-IN-002 Análisis de información de Clientes.pdf,12,84,17,1024,1.0,15
CVPC-IN-002 Análisis de información de Clientes.pdf,13,7606,1082,1024,1.0,113
CVPC-IN-003 Preparación de la muestra semestral.pdf,0,33,6,1024,1.0,6
CVPC-IN-003 Preparación de la muestra semestral.pdf,1,4644,683,1024,1.0,189
CVPC-IN-003 Preparación de la muestra semestral.pdf,2,6578,1046,1024,1.0,242
CVPC-IN-003 Preparación de la muestra semestral.pdf,3,5597,923,1024,1.0,209
CVPC-IN-003 Preparación de la muestra semestral.pdf,4,6671,1101,1024,1.0,219
CVPC-IN-003 Preparación de la muestra semestral.pdf,5,6201,1040,1024,1.0,212
CVPC-IN-003 Preparación de la muestra semestral.pdf,6,2892,451,1024,1.0,157
CVPC-IN-004 Preparación del Anexo 02.pdf,0,85,17,1024,1.0,15
CVPC-IN-004 Preparación del Anexo 02.pdf,1,124,21,1024,1.0,10
CVPC-IN-004 Preparación del Anexo 02.pdf,2,558,83,1024,1.0,35
CVPC-IN-004 Preparación del Anexo 02.pdf,3,173,26,1024,1.0,15
CVPC-IN-004 Preparación del Anexo 02.pdf,4,1261,180,1024,1.0,53
CVPC-IN-004 Preparación del Anexo 02.pdf,5,1183,177,1024,1.0,65
CVPC-IN-004 Preparación del Anexo 02.pdf,6,525,84,1024,1.0,46
CVPC-IN-004 Preparación del Anexo 02.pdf,7,605,87,1024,1.0,51
CVPC-IN-004 Preparación del Anexo 02.pdf,8,228,33,1024,1.0,17
CVPC-IN-004 Preparación del Anexo 02.pdf,9,93,17,1024,1.0,11
CVPC-IN-004 Preparación del Anexo 02.pdf,10,1108,183,1024,1.0,64
CVPC-IN-004 Preparación del Anexo 02.pdf,11,250,44,1024,1.0,30
CVPC-IN-004 Preparación del Anexo 02.pdf,12,793,120,1024,1.0,36
CVPC-IN-004 Preparación del Anexo 02.pdf,13,997,154,1024,1.0,41
CVPC-IN-004 Preparación del Anexo 02.pdf,14,1107,188,1024,1.0,68
CVPC-IN-004 Preparación del Anexo 02.pdf,15,2624,392,1024,1.0,52
CVPC-IN-004 Preparación del Anexo 02.pdf,16,354,53,1024,1.0,28
CVPC-IN-004 Preparación del Anexo 02.pdf,17,3042,504,1024,1.0,120
CVPC-IN-004 Preparación del Anexo 02.pdf,18,1070,165,1024,1.0,67
CVPC-IN-004 Preparación del Anexo 02.pdf,19,290,40,1024,1.0,28
RP-PR-002 Registro y Cierre de Comunicaciones de OSINERGMIN.pdf,0,386,67,1024,1.0,30
RP-PR-002 Registro y Cierre de Comunicaciones de OSINERGMIN.pdf,1,478,64,1024,1.0,22
RP-PR-002 Registro y Cierre de Comunicaciones de OSINERGMIN.pdf,2,233,35,1024,1.0,16
RP-PR-002 Registro y Cierre de Comunicaciones de OSINERGMIN.pdf,3,1111,172,1024,1.0,74
RP-PR-002 Registro y Cierre de Comunicaciones de OSINERGMIN.pdf,4,659,91,1024,1.0,48
RP-PR-002 Registro y Cierre de Comunicaciones de OSINERGMIN.pdf,5,209,31,1024,1.0,16
RP-PR-002 Registro y Cierre de Comunicaciones de OSINERGMIN.pdf,6,93,17,1024,1.0,11
RP-PR-002 Registro y Cierre de Comunicaciones de OSINERGMIN.pdf,7,73,10,1024,1.0,8
RP-PR-002 Registro y Cierre de Comunicaciones de OSINERGMIN.pdf,8,176,36,1024,1.0,17
RP-PR-002 Registro y Cierre de Comunicaciones de OSINERGMIN.pdf,9,2968,488,1024,1.0,83
RP-PR-003 PROCEDIMIENTO DE COMUNICACIÓN DE CRISIS VR 00.pdf,0,82,17,1024,1.0,14
RP-PR-003 PROCEDIMIENTO DE COMUNICACIÓN DE CRISIS VR 00.pdf,1,215,35,1024,1.0,18
RP-PR-003 PROCEDIMIENTO DE COMUNICACIÓN DE CRISIS VR 00.pdf,2,731,108,1024,1.0,43
RP-PR-003 PROCEDIMIENTO DE COMUNICACIÓN DE CRISIS VR 00.pdf,3,1360,193,1024,1.0,81
RP-PR-003 PROCEDIMIENTO DE COMUNICACIÓN DE CRISIS VR 00.pdf,4,493,70,1024,1.0,33
RP-PR-003 PROCEDIMIENTO DE COMUNICACIÓN DE CRISIS VR 00.pdf,5,2023,266,1024,1.0,101
RP-PR-003 PROCEDIMIENTO DE COMUNICACIÓN DE CRISIS VR 00.pdf,6,871,120,1024,1.0,62
RP-PR-003 PROCEDIMIENTO DE COMUNICACIÓN DE CRISIS VR 00.pdf,7,847,122,1024,1.0,69
RP-PR-003 PROCEDIMIENTO DE COMUNICACIÓN DE CRISIS VR 00.pdf,8,55,8,1024,1.0,6
RP-PR-003 PROCEDIMIENTO DE COMUNICACIÓN DE CRISIS VR 00.pdf,9,310,48,1024,1.0,20
RP-PR-003 PROCEDIMIENTO DE COMUNICACIÓN DE CRISIS VR 00.pdf,10,353,56,1024,1.0,34
RP-PR-003 PROCEDIMIENTO DE COMUNICACIÓN DE CRISIS VR 00.pdf,11,200,29,1024,1.0,12
RP-PR-003 PROCEDIMIENTO DE COMUNICACIÓN DE CRISIS VR 00.pdf,12,83,17,1024,1.0,15
RP-PR-003 PROCEDIMIENTO DE COMUNICACIÓN DE CRISIS VR 00.pdf,13,1140,162,1024,1.0,31
RP-PR-003 PROCEDIMIENTO DE COMUNICACIÓN DE CRISIS VR 00.pdf,14,2423,328,1024,1.0,129
RP-PR-003 PROCEDIMIENTO DE COMUNICACIÓN DE CRISIS VR 00.pdf,15,1151,151,1024,1.0,68
RP-PR-003 PROCEDIMIENTO DE COMUNICACIÓN DE CRISIS VR 00.pdf,16,550,80,1024,1.0,43
RP-PR-003 PROCEDIMIENTO DE COMUNICACIÓN DE CRISIS VR 00.pdf,17,2145,321,1024,1.0,77
RP-PR-003 PROCEDIMIENTO DE COMUNICACIÓN DE CRISIS VR 00.pdf,18,213,44,1024,1.0,14
RP-PR-003 PROCEDIMIENTO DE COMUNICACIÓN DE CRISIS VR 00.pdf,19,3012,417,1024,1.0,142
RP-PR-003 PROCEDIMIENTO DE COMUNICACIÓN DE CRISIS VR 00.pdf,20,53,13,1024,1.0,11
RP-PR-003 PROCEDIMIENTO DE COMUNICACIÓN DE CRISIS VR 00.pdf,21,2333,319,1024,1.0,103
RP-PR-003 PROCEDIMIENTO DE COMUNICACIÓN DE CRISIS VR 00.pdf,22,975,138,1024,1.0,60
RP-PR-003 PROCEDIMIENTO DE COMUNICACIÓN DE CRISIS VR 00.pdf,23,1776,250,1024,1.0,92
RP-PR-003 PROCEDIMIENTO DE COMUNICACIÓN DE CRISIS VR 00.pdf,24,813,120,1024,1.0,60
RP-PR-003 PROCEDIMIENTO DE COMUNICACIÓN DE CRISIS VR 00.pdf,25,448,63,1024,1.0,31
RP-PR-003 PROCEDIMIENTO DE COMUNICACIÓN DE CRISIS VR 00.pdf,26,60,14,1024,1.0,12
RP-PR-003 PROCEDIMIENTO DE COMUNICACIÓN DE CRISIS VR 00.pdf,27,308,45,1024,1.0,24
RP-PR-003 PROCEDIMIENTO DE COMUNICACIÓN DE CRISIS VR 00.pdf,28,319,50,1024,1.0,25
RP-PR-003 PROCEDIMIENTO DE COMUNICACIÓN DE CRISIS VR 00.pdf,29,356,49,1024,1.0,25
RP-PR-003 PROCEDIMIENTO DE COMUNICACIÓN DE CRISIS VR 00.pdf,30,474,72,1024,1.0,32
RP-PR-003 PROCEDIMIENTO DE COMUNICACIÓN DE CRISIS VR 00.pdf,31,1710,236,1024,1.0,96
RP-PR-003 PROCEDIMIENTO DE COMUNICACIÓN DE CRISIS VR 00.pdf,32,228,35,1024,1.0,22
RP-PR-003 PROCEDIMIENTO DE COMUNICACIÓN DE CRISIS VR 00.pdf,33,1628,224,1024,1.0,88
RP-PR-003 PROCEDIMIENTO DE COMUNICACIÓN DE CRISIS VR 00.pdf,34,441,76,1024,1.0,30
RP-PR-003 PROCEDIMIENTO DE COMUNICACIÓN DE CRISIS VR 00.pdf,35,843,134,1024,1.0,54
RP-PR-003 PROCEDIMIENTO DE COMUNICACIÓN DE CRISIS VR 00.pdf,36,445,68,1024,1.0,24
RP-PR-003 PROCEDIMIENTO DE COMUNICACIÓN DE CRISIS VR 00.pdf,37,1651,237,1024,1.0,84
RP-PR-003 PROCEDIMIENTO DE COMUNICACIÓN DE CRISIS VR 00.pdf,38,945,127,1024,1.0,67
RP-PR-003 PROCEDIMIENTO DE COMUNICACIÓN DE CRISIS VR 00.pdf,39,267,44,1024,1.0,29
RP-PR-003 PROCEDIMIENTO DE COMUNICACIÓN DE CRISIS VR 00.pdf,40,2452,337,1024,1.0,126
RP-PR-003 PROCEDIMIENTO DE COMUNICACIÓN DE CRISIS VR 00.pdf,41,83,17,1024,1.0,15
RP-PR-003 PROCEDIMIENTO DE COMUNICACIÓN DE CRISIS VR 00.pdf,42,3532,574,1024,1.0,46
RP-PR-003 PROCEDIMIENTO DE COMUNICACIÓN DE CRISIS VR 00.pdf,43,83,17,1024,1.0,15
RP-PR-003 PROCEDIMIENTO DE COMUNICACIÓN DE CRISIS VR 00.pdf,44,4175,696,1024,1.0,52
RP-PR-003 PROCEDIMIENTO DE COMUNICACIÓN DE CRISIS VR 00.pdf,45,83,17,1024,1.0,15
RP-PR-003 PROCEDIMIENTO DE COMUNICACIÓN DE CRISIS VR 00.pdf,46,2229,366,1024,1.0,42
CVS-IN-001 Lectura de contadores de Energía.pdf,0,84,17,1024,1.0,15
CVS-IN-001 Lectura de contadores de Energía.pdf,1,85,12,1024,1.0,8
CVS-IN-001 Lectura de contadores de Energía.pdf,2,444,61,1024,1.0,22
CVS-IN-001 Lectura de contadores de Energía.pdf,3,213,29,1024,1.0,15
CVS-IN-001 Lectura de contadores de Energía.pdf,4,350,53,1024,1.0,27
CVS-IN-001 Lectura de contadores de Energía.pdf,5,1646,276,1024,1.0,110
CVS-IN-001 Lectura de contadores de Energía.pdf,6,694,103,1024,1.0,51
CVS-IN-001 Lectura de contadores de Energía.pdf,7,311,49,1024,1.0,21
CVS-IN-001 Lectura de contadores de Energía.pdf,8,140,24,1024,1.0,16
CVS-IN-001 Lectura de contadores de Energía.pdf,9,75,10,1024,1.0,6
CVS-IN-001 Lectura de contadores de Energía.pdf,10,144,21,1024,1.0,16
CVS-IN-001 Lectura de contadores de Energía.pdf,11,3521,619,1024,1.0,84
CVS-IN-001 Lectura de contadores de Energía.pdf,12,7014,1120,1024,1.0,92
CVS-IN-001 Lectura de contadores de Energía.pdf,13,5996,1043,1024,1.0,108
CVS-IN-002 Reparto de Recibos.pdf,0,347,60,1024,1.0,30
CVS-IN-002 Reparto de Recibos.pdf,1,338,47,1024,1.0,22
CVS-IN-002 Reparto de Recibos.pdf,2,204,31,1024,1.0,17
CVS-IN-002 Reparto de Recibos.pdf,3,751,126,1024,1.0,47
CVS-IN-002 Reparto de Recibos.pdf,4,125,17,1024,1.0,15
CVS-IN-002 Reparto de Recibos.pdf,5,311,49,1024,1.0,21
CVS-IN-002 Reparto de Recibos.pdf,6,92,17,1024,1.0,11
CVS-IN-002 Reparto de Recibos.pdf,7,75,10,1024,1.0,6
CVS-IN-002 Reparto de Recibos.pdf,8,247,48,1024,1.0,25
CVS-IN-002 Reparto de Recibos.pdf,9,5744,879,1024,1.0,100
CVS-IN-002 Reparto de Recibos.pdf,10,5055,714,1024,1.0,87
